dataset,problem,n,m,nnz_a,nnz_p,clarabel_1e-4,clarabel_1e-6,cuopt_1e-4,cuopt_1e-5,cuopt_1e-6,highs_1e-4,highs_1e-6,osqp_1e-4,osqp_1e-5,osqp_1e-6,pdlp_1e-4,pdlp_1e-5,pdlp_1e-6,piqp_1e-4,piqp_1e-6,qtqp_cudss_1e-4,qtqp_cudss_1e-6,qtqp_cudss_1e-8,qtqp_mkl_1e-4,qtqp_mkl_1e-6,qtqp_mkl_1e-8,scs_cpu_1e-4,scs_cpu_1e-5,scs_cpu_1e-6,scs_cudss_1e-4,scs_cudss_1e-5,scs_cudss_1e-6,clarabel_1e-4_status,clarabel_1e-6_status,cuopt_1e-4_status,cuopt_1e-5_status,cuopt_1e-6_status,highs_1e-4_status,highs_1e-6_status,osqp_1e-4_status,osqp_1e-5_status,osqp_1e-6_status,pdlp_1e-4_status,pdlp_1e-5_status,pdlp_1e-6_status,piqp_1e-4_status,piqp_1e-6_status,qtqp_cudss_1e-4_status,qtqp_cudss_1e-6_status,qtqp_cudss_1e-8_status,qtqp_mkl_1e-4_status,qtqp_mkl_1e-6_status,qtqp_mkl_1e-8_status,scs_cpu_1e-4_status,scs_cpu_1e-5_status,scs_cpu_1e-6_status,scs_cudss_1e-4_status,scs_cudss_1e-5_status,scs_cudss_1e-6_status
kennington,cre-a,4067.0,7583.0,19054.0,0.0,0.09,0.1,0.41,0.6,0.39,0.11,0.11,0.28,1.1,2.16,1.1,1.63,2.48,0.05,0.06,11.37,1.95,2.0,0.22,0.34,0.37,0.51,0.9,0.58,6.25,1.29,0.81,optimal,optimal,optimal,optimal,optimal,optimal,optimal,optimal,optimal,optimal,optimal,optimal,optimal,optimal,optimal,optimal,optimal,optimal,optimal,optimal,optimal,optimal,optimal,optimal,optimal,optimal,optimal
kennington,cre-b,72447.0,82095.0,328542.0,0.0,20.29,22.03,0.9,1.25,1.18,1.72,1.64,4.05,29.84,69.1,21.09,53.39,164.49,6.27,7.91,6.52,5.66,7.32,5.15,8.02,8.91,11.13,13.17,14.91,18.38,12.91,9.75,optimal,optimal,optimal_inaccurate,optimal_inaccurate,optimal_inaccurate,optimal,optimal,optimal,optimal,optimal,optimal,optimal,optimal,optimal,optimal,optimal,optimal,optimal,optimal,optimal,optimal,optimal,optimal,optimal,optimal,optimal,optimal
kennington,cre-c,3678.0,6746.0,16922.0,0.0,0.1,0.11,0.37,0.57,0.39,0.09,0.09,0.25,1.53,2.97,0.63,3.86,4.32,0.05,0.06,2.13,2.05,2.11,0.24,0.36,0.41,0.42,0.48,0.39,1.67,1.44,0.79,optimal,optimal,optimal,optimal,optimal,optimal,optimal,optimal,optimal,optimal,optimal,optimal,optimal,optimal,optimal,optimal,optimal,optimal,optimal,optimal,optimal,optimal,optimal,optimal,optimal,optimal,optimal
kennington,cre-d,69980.0,78906.0,312626.0,0.0,16.77,19.17,0.62,0.95,1.28,0.92,0.83,4.23,13.51,75.22,14.11,39.13,134.32,5.06,6.45,6.17,5.22,7.07,7.17,11.23,12.22,9.85,11.74,10.93,12.56,11.12,7.16,optimal,optimal,optimal_inaccurate,optimal_inaccurate,optimal_inaccurate,optimal,optimal,optimal,optimal,optimal,optimal,optimal,optimal,optimal,optimal,optimal,optimal,optimal,optimal,optimal,optimal,optimal,optimal,optimal,optimal,optimal,optimal
kennington,ken-07,3602.0,6028.0,12006.0,0.0,0.06,0.07,0.33,0.48,0.35,0.05,0.05,0.13,0.35,0.79,0.24,0.48,0.56,0.02,0.02,2.02,2.39,1.85,0.2,0.3,0.29,34.45,36.19,30.58,53.16,34.26,23.44,optimal,optimal,optimal,optimal,optimal,optimal,optimal,optimal,optimal,optimal,optimal_inaccurate,optimal,optimal,optimal,optimal,optimal,optimal,optimal,optimal,optimal,optimal,optimal,optimal,optimal,optimal,optimal,optimal
kennington,ken-11,21349.0,36043.0,70407.0,0.0,0.58,0.58,,0.54,,0.36,0.35,11.75,27.79,48.58,2.15,4.37,5.92,0.17,0.2,2.51,2.52,3.0,0.95,1.68,2.01,300.4,300.37,300.45,300.52,300.88,300.53,optimal,optimal,worker_error,optimal,worker_error,optimal,optimal,optimal,optimal,optimal,optimal_inaccurate,optimal,optimal,optimal,optimal,optimal_inaccurate,optimal,optimal,optimal_inaccurate,optimal,optimal,optimal_inaccurate,optimal_inaccurate,optimal_inaccurate,optimal_inaccurate,optimal_inaccurate,optimal_inaccurate
kennington,ken-13,42659.0,71291.0,139905.0,0.0,1.43,1.31,0.55,0.9,0.72,1.06,1.04,22.17,31.05,41.82,5.11,11.09,26.9,0.5,0.63,3.68,3.63,5.12,2.11,4.17,5.05,32.43,42.37,42.71,17.88,55.32,23.5,optimal,optimal,optimal_inaccurate,optimal_inaccurate,optimal_inaccurate,optimal,optimal,optimal,optimal,optimal,optimal_inaccurate,optimal,optimal,optimal,optimal,optimal,optimal,optimal,optimal,optimal,optimal,optimal,optimal,optimal,optimal,optimal,optimal
kennington,ken-18,154699.0,259826.0,512870.0,0.0,4.62,4.68,0.77,1.21,1.06,3.91,3.99,300.03,300.04,300.02,27.73,102.6,135.06,5.39,7.18,10.23,13.16,18.72,11.47,26.03,35.43,302.26,302.26,302.49,284.07,303.04,302.32,dual_infeasible,dual_infeasible,optimal_inaccurate,optimal_inaccurate,optimal_inaccurate,optimal,optimal,optimal,optimal,time_limit,optimal_inaccurate,optimal_inaccurate,optimal,optimal,optimal,optimal_inaccurate,optimal,optimal,optimal_inaccurate,optimal,optimal,optimal,optimal,optimal,optimal,optimal_inaccurate,optimal
kennington,osa-07,23949.0,25067.0,167643.0,0.0,0.8,0.88,0.37,0.53,0.37,0.37,0.35,38.69,128.07,138.12,4.38,8.55,11.05,0.23,0.28,2.3,2.21,2.47,0.73,1.07,1.37,3.38,3.86,3.86,2.73,3.67,3.11,optimal,optimal,optimal,optimal,optimal,optimal,optimal,optimal,optimal,optimal,optimal_inaccurate,optimal,optimal,optimal,optimal,optimal,optimal,optimal,optimal,optimal,optimal,optimal,optimal,optimal,optimal,optimal,optimal
kennington,osa-14,52460.0,54797.0,367220.0,0.0,2.21,2.35,0.51,0.72,0.51,1.09,1.08,300.01,300.01,300.01,10.45,24.94,28.66,0.61,0.79,3.48,3.48,3.99,1.78,2.97,3.45,7.38,8.01,8.05,5.24,7.58,5.58,optimal,optimal,optimal,optimal,optimal,optimal,optimal,time_limit,time_limit,time_limit,optimal_inaccurate,optimal,optimal,optimal,optimal,optimal,optimal,optimal,optimal,optimal,optimal,optimal,optimal,optimal,optimal,optimal,optimal
kennington,osa-30,100024.0,104374.0,700162.0,0.0,6.07,5.5,0.77,1.11,1.05,3.84,4.14,300.01,300.02,300.01,36.52,75.63,97.55,1.72,2.14,6.47,5.36,7.33,4.13,5.9,7.7,19.36,20.09,20.28,12.96,22.91,16.94,optimal,optimal,optimal_inaccurate,optimal_inaccurate,optimal,optimal,optimal,time_limit,time_limit,time_limit,optimal_inaccurate,optimal,optimal,optimal,optimal,optimal,optimal,optimal,optimal,optimal,optimal,optimal,optimal,optimal,optimal,optimal,optimal
kennington,osa-60,232966.0,243246.0,1630759.0,0.0,30.72,22.55,1.56,2.56,1.43,17.04,16.76,129.88,300.03,300.03,93.65,185.0,300.62,3.31,4.5,12.72,12.91,18.57,11.05,19.51,21.04,75.88,88.33,90.52,54.27,82.29,66.07,optimal,optimal,optimal_inaccurate,optimal_inaccurate,optimal_inaccurate,optimal,optimal,optimal,time_limit,time_limit,optimal_inaccurate,optimal,time_limit,optimal,optimal,optimal,optimal,optimal,optimal,optimal,optimal,optimal,optimal,optimal,optimal,optimal,optimal
kennington,pds-02,7535.0,10488.0,23925.0,0.0,0.22,0.22,0.45,0.68,0.42,0.14,0.15,36.42,46.96,39.63,0.59,0.76,0.99,0.07,0.09,1.91,1.98,2.1,0.28,0.48,0.6,1.24,1.24,1.23,1.2,2.0,1.51,optimal,optimal,optimal,optimal,optimal,optimal,optimal,optimal,optimal,optimal,optimal,optimal,optimal,optimal,optimal,optimal,optimal,optimal,optimal,optimal,optimal,optimal,optimal,optimal,optimal,optimal,optimal
kennington,pds-06,28655.0,38536.0,91179.0,0.0,14.21,13.89,0.72,0.95,0.77,0.48,0.49,300.0,300.01,300.01,4.72,5.34,6.66,2.49,3.11,3.08,3.57,5.98,1.57,3.32,4.32,7.98,20.02,25.71,4.98,30.1,19.82,optimal,optimal,optimal_inaccurate,optimal,optimal,optimal,optimal,optimal,time_limit,time_limit,optimal,optimal,optimal,optimal,optimal,optimal_inaccurate,optimal,optimal,optimal_inaccurate,optimal,optimal,optimal,optimal,optimal,optimal,optimal,optimal
kennington,pds-10,48763.0,65321.0,155199.0,0.0,33.64,32.93,0.87,1.16,0.94,0.85,0.84,300.01,300.01,300.01,6.84,8.59,10.9,14.32,17.91,5.17,5.42,8.46,4.8,9.89,13.3,14.25,199.96,300.82,9.09,75.32,300.92,optimal,optimal,optimal_inaccurate,optimal_inaccurate,optimal_inaccurate,optimal,optimal,time_limit,time_limit,time_limit,optimal,optimal,optimal,optimal,optimal,optimal_inaccurate,optimal,optimal,optimal_inaccurate,optimal,optimal,optimal,optimal,optimal,optimal,optimal,optimal
kennington,pds-20,105728.0,139602.0,335928.0,0.0,131.31,106.99,1.1,1.67,1.55,2.14,2.09,300.02,300.02,300.03,23.31,40.96,42.18,206.39,166.38,11.02,10.83,18.36,23.86,49.59,67.16,120.48,302.96,302.44,26.95,179.39,301.91,optimal,optimal,optimal_inaccurate,optimal_inaccurate,optimal_inaccurate,optimal,optimal,time_limit,time_limit,time_limit,optimal,optimal,optimal,optimal,optimal,optimal_inaccurate,optimal,optimal,optimal_inaccurate,optimal,optimal,optimal,optimal,optimal,optimal_inaccurate,optimal,optimal
miplib_relax,30n20b8,18380.0,18956.0,128086.0,0.0,0.55,0.59,0.38,0.54,0.38,0.19,0.19,2.44,25.17,19.9,50.87,56.76,53.9,0.23,0.23,3.01,2.65,10.56,1.3,1.39,12.09,10.65,20.82,24.33,8.33,19.37,12.22,optimal,optimal,optimal,optimal,optimal,optimal,optimal,optimal,optimal,optimal,optimal,optimal,optimal,optimal,optimal,optimal,optimal,optimal,optimal,optimal,optimal,optimal,optimal,optimal,optimal,optimal,optimal
miplib_relax,50v-10,2013.0,2246.0,4758.0,0.0,0.02,0.02,0.29,0.45,0.29,0.03,0.03,0.03,0.06,0.06,0.17,0.21,0.22,0.01,0.01,1.89,1.69,1.74,0.1,0.11,0.11,0.04,0.06,0.05,0.46,0.35,0.35,optimal,optimal,optimal,optimal,optimal,optimal,optimal,optimal,optimal,optimal,optimal,optimal,optimal,optimal,optimal,optimal,optimal,optimal,optimal,optimal,optimal,optimal,optimal,optimal,optimal,optimal,optimal
miplib_relax,CMS750_4,11697.0,28078.0,56600.0,0.0,5.52,6.95,0.65,0.88,0.62,0.29,0.3,50.76,300.0,300.0,7.15,8.27,8.53,1.01,0.97,2.39,2.32,2.56,1.06,1.21,1.27,1.0,1.45,1.3,1.67,1.26,1.34,optimal,optimal,optimal,optimal,optimal,optimal,optimal,optimal,time_limit,time_limit,optimal,optimal,optimal,optimal,optimal,optimal,optimal,optimal,optimal,optimal,optimal,optimal,optimal,optimal,optimal,optimal,optimal
miplib_relax,academictimetablesmall,28926.0,52220.0,297276.0,0.0,9.01,11.8,,0.66,0.54,2.8,2.77,7.39,12.13,17.45,2.41,3.73,2.62,10.34,10.34,4.07,3.41,153.94,4.16,4.33,49.97,0.88,1.67,1.43,1.4,1.18,1.21,optimal,optimal,worker_error,optimal_inaccurate,optimal_inaccurate,optimal,optimal,optimal,optimal,optimal,optimal,optimal,optimal,optimal,optimal,optimal,optimal,optimal,optimal,optimal,optimal,optimal,optimal,optimal,optimal,optimal,optimal
miplib_relax,air05,7195.0,7621.0,59316.0,0.0,1.94,2.38,0.55,0.73,0.57,0.35,0.38,2.18,3.86,43.92,1.36,5.29,13.19,0.92,0.82,2.11,2.01,2.21,0.51,0.59,0.73,0.39,0.64,0.84,0.93,0.76,0.94,optimal,optimal,optimal_inaccurate,optimal,optimal,optimal,optimal,optimal,optimal,optimal,optimal,optimal,optimal,optimal,optimal,optimal,optimal,optimal,optimal,optimal,optimal,optimal,optimal,optimal,optimal,optimal,optimal
miplib_relax,app1-1,2480.0,7406.0,20755.0,0.0,0.06,0.08,0.37,0.62,0.35,0.07,0.06,0.46,3.38,18.69,16.45,39.59,39.65,0.03,0.03,1.89,1.82,1.84,0.22,0.28,0.27,0.13,0.23,2.03,0.57,0.45,2.35,optimal,optimal,optimal,optimal,optimal,optimal,optimal,optimal,optimal,optimal,optimal,optimal,optimal,optimal,optimal,optimal,optimal,optimal,optimal,optimal,optimal,optimal,optimal,optimal,optimal,optimal,optimal
miplib_relax,app1-2,26871.0,80338.0,226046.0,0.0,0.92,0.91,1.26,2.04,1.55,1.2,1.17,13.07,115.64,211.21,104.61,300.12,300.11,0.48,0.52,3.94,3.8,4.36,2.41,3.29,3.19,2.86,14.11,65.6,3.09,7.17,37.63,optimal,optimal,optimal_inaccurate,optimal_inaccurate,optimal_inaccurate,optimal,optimal,optimal,optimal,optimal,optimal,time_limit,time_limit,optimal,optimal,optimal,optimal,optimal,optimal,optimal,optimal,optimal,optimal,optimal,optimal,optimal,optimal
miplib_relax,assign1-5-8,156.0,317.0,3876.0,0.0,0.02,0.03,0.32,0.5,0.31,0.02,0.03,0.04,0.09,0.08,0.02,0.03,0.03,0.01,0.01,7.74,1.55,7.4,0.04,0.05,0.05,0.01,0.02,0.02,0.45,0.3,0.33,optimal,optimal,optimal,optimal,optimal,optimal,optimal,optimal,optimal,optimal,optimal,optimal,optimal,optimal,optimal,optimal,optimal,optimal,optimal,optimal,optimal,optimal,optimal,optimal,optimal,optimal,optimal
miplib_relax,atlanta-ip,48738.0,70470.0,306270.0,0.0,2.84,3.72,1.93,2.85,3.67,11.84,11.65,206.02,300.01,263.81,33.79,75.8,70.79,40.58,390.0,10.93,12.13,16.84,11.61,18.69,20.24,4.63,10.69,27.38,5.57,5.22,13.53,solver_error,solver_error,optimal_inaccurate,optimal_inaccurate,optimal_inaccurate,optimal,optimal,optimal,time_limit,optimal,optimal,optimal,optimal,optimal,time_limit,optimal,optimal,optimal,optimal,optimal,optimal,optimal,optimal,optimal,optimal,optimal,optimal
miplib_relax,b1c1s1,3872.0,7776.0,15280.0,0.0,0.63,0.84,0.47,0.62,0.46,0.07,0.07,8.44,17.28,61.52,0.69,3.23,5.77,0.14,0.14,2.11,1.93,1.96,0.34,0.36,0.41,0.22,0.39,0.41,0.78,0.7,0.82,optimal,optimal,optimal,optimal,optimal,optimal,optimal,optimal,optimal,optimal,optimal,optimal,optimal,optimal,optimal,optimal,optimal,optimal,optimal,optimal,optimal,optimal,optimal,optimal,optimal,optimal,optimal
miplib_relax,bab2,147912.0,165157.0,2175638.0,0.0,122.44,140.85,3.53,6.69,6.24,151.35,40.43,300.03,300.05,300.03,300.54,300.52,300.48,45.47,43.6,25.06,23.63,33.88,39.33,56.12,56.77,62.19,102.55,97.23,33.16,35.03,44.6,optimal,optimal,optimal_inaccurate,optimal_inaccurate,optimal_inaccurate,optimal,optimal,time_limit,time_limit,time_limit,time_limit,time_limit,time_limit,optimal,optimal,optimal,optimal,optimal,optimal,optimal,optimal,optimal,optimal,optimal,optimal,optimal,optimal
miplib_relax,bab6,114240.0,144144.0,1397421.0,0.0,80.95,91.75,1.91,4.67,4.12,42.54,20.85,21.34,300.02,300.02,103.55,300.43,300.37,18.03,17.47,14.57,13.08,18.32,17.02,25.26,26.36,30.03,45.32,122.75,26.87,20.26,34.23,optimal,optimal,optimal_inaccurate,optimal_inaccurate,optimal_inaccurate,optimal,optimal,optimal,time_limit,time_limit,optimal,time_limit,time_limit,optimal,optimal,optimal,optimal,optimal,optimal,optimal,optimal,optimal,optimal,optimal,optimal,optimal,optimal
miplib_relax,beasleyC3,2500.0,4250.0,7500.0,0.0,0.02,0.03,0.41,0.51,0.36,0.02,0.03,0.03,0.11,0.14,0.1,0.11,0.13,0.02,0.01,2.04,2.05,1.7,0.13,0.16,0.15,0.08,0.11,0.1,0.63,0.37,0.42,optimal,optimal,optimal,optimal,optimal,optimal,optimal,optimal,optimal,optimal,optimal,optimal,optimal,optimal,optimal,optimal,optimal,optimal,optimal,optimal,optimal,optimal,optimal,optimal,optimal,optimal,optimal
miplib_relax,binkar10_1,2298.0,3324.0,6794.0,0.0,0.03,0.04,0.4,0.51,0.38,0.02,0.03,0.3,1.58,3.63,0.8,1.17,1.49,0.03,0.02,2.9,2.03,1.75,0.1,0.16,0.17,0.1,0.16,0.25,0.69,0.56,0.54,optimal,optimal,optimal,optimal,optimal,optimal,optimal,optimal,optimal,optimal,optimal,optimal,optimal,optimal,optimal,optimal,optimal,optimal,optimal,optimal,optimal,optimal,optimal,optimal,optimal,optimal,optimal
miplib_relax,blp-ar98,16021.0,17148.0,216621.0,0.0,0.64,0.84,0.37,0.63,0.35,0.22,0.3,21.65,300.0,300.0,64.86,82.24,86.69,0.36,0.36,4.75,2.83,2.55,0.98,1.34,1.48,5.31,7.83,7.53,7.67,5.53,6.54,optimal,optimal,optimal,optimal,optimal,optimal,optimal,optimal,time_limit,time_limit,optimal,optimal,optimal,optimal,optimal,optimal_inaccurate,optimal,optimal,optimal_inaccurate,optimal,optimal,optimal,optimal,optimal,optimal,optimal,optimal
miplib_relax,blp-ic98,13640.0,14356.0,205586.0,0.0,0.55,0.74,0.36,0.52,0.35,0.2,0.27,14.39,300.0,300.0,54.36,69.86,71.95,0.45,0.31,2.37,2.4,2.5,1.02,1.34,1.35,4.58,6.23,5.85,4.94,3.81,2.89,optimal,optimal,optimal,optimal,optimal,optimal,optimal,optimal,time_limit,time_limit,optimal,optimal,optimal,optimal,optimal,optimal_inaccurate,optimal,optimal,optimal_inaccurate,optimal,optimal,optimal,optimal,optimal,optimal,optimal,optimal
miplib_relax,bnatt400,3600.0,9214.0,25298.0,0.0,0.04,0.06,,0.57,0.41,0.06,0.12,0.03,0.05,0.05,0.06,0.06,0.06,0.03,0.03,1.72,1.75,1.77,0.23,0.33,0.27,0.09,0.13,0.12,0.65,0.42,0.41,optimal,optimal,worker_error,optimal_inaccurate,optimal_inaccurate,optimal,optimal,optimal,optimal,optimal,optimal,optimal,optimal,optimal,optimal,optimal,optimal,optimal,optimal,optimal,optimal,optimal,optimal,optimal,optimal,optimal,optimal
miplib_relax,bnatt500,4500.0,11529.0,31703.0,0.0,0.07,0.1,0.4,0.56,0.45,0.08,0.21,0.07,0.1,0.1,0.08,0.08,0.09,0.05,0.05,1.82,1.74,1.72,0.29,0.36,0.35,0.11,0.15,0.15,0.67,0.41,0.43,optimal,optimal,optimal_inaccurate,optimal_inaccurate,optimal_inaccurate,optimal,optimal,optimal,optimal,optimal,optimal,optimal,optimal,optimal,optimal,optimal,optimal,optimal,optimal,optimal,optimal,optimal,optimal,optimal,optimal,optimal,optimal
miplib_relax,bppc4-08,1456.0,1567.0,25420.0,0.0,0.04,0.06,0.32,0.43,0.32,0.04,0.05,0.02,0.03,0.02,0.36,1.24,1.63,0.03,0.03,1.72,1.61,1.53,0.11,0.12,0.14,0.03,0.05,0.04,0.51,0.32,0.31,optimal,optimal,optimal,optimal,optimal,optimal,optimal,optimal,optimal,optimal,optimal,optimal,optimal,optimal,optimal,optimal,optimal,optimal,optimal,optimal,optimal,optimal,optimal,optimal,optimal,optimal,optimal
miplib_relax,brazil3,23968.0,38614.0,157152.0,0.0,5.86,6.21,0.57,0.71,0.57,300.01,15.59,300.01,300.01,300.0,10.03,11.59,10.84,1.81,1.83,3.42,2.96,3.65,2.12,2.42,2.94,1.04,1.48,1.38,1.87,1.16,1.14,optimal,optimal,optimal_inaccurate,optimal_inaccurate,optimal_inaccurate,time_limit,optimal,time_limit,time_limit,time_limit,optimal,optimal,optimal,optimal,optimal,optimal,optimal,optimal,optimal,optimal,optimal,optimal,optimal,optimal,optimal,optimal,optimal
miplib_relax,buildingenergy,154978.0,432572.0,943947.0,0.0,8.97,12.89,1.26,1.93,3.05,171.34,119.24,300.03,300.06,300.03,300.79,300.81,300.77,4.39,3.87,14.74,18.7,42.26,13.71,30.52,50.36,116.06,123.88,131.92,88.55,68.99,85.8,optimal,optimal,optimal_inaccurate,optimal_inaccurate,optimal_inaccurate,optimal,optimal,time_limit,time_limit,time_limit,time_limit,time_limit,time_limit,optimal,optimal,optimal,optimal,optimal,optimal,optimal,optimal,optimal,optimal,optimal,optimal,optimal,optimal
miplib_relax,cbs-cta,24793.0,34905.0,89181.0,0.0,0.51,0.65,0.64,0.85,0.61,0.19,0.21,2.45,3.84,2.75,1.7,9.25,10.32,0.22,0.22,10.31,14.08,19.49,8.35,16.9,15.84,0.31,0.34,0.39,0.8,0.54,0.59,optimal,optimal,optimal_inaccurate,optimal_inaccurate,optimal_inaccurate,optimal,optimal,optimal,optimal,optimal,optimal,optimal,optimal,optimal_inaccurate,optimal_inaccurate,optimal,optimal,optimal,optimal,optimal,optimal,optimal,optimal,optimal,optimal,optimal,optimal
miplib_relax,chromaticindex1024-7,73728.0,141311.0,344052.0,0.0,1.02,1.33,0.83,1.43,0.84,28.59,67.94,0.45,0.6,0.54,3.12,4.49,3.6,0.81,0.85,4.58,3.68,4.54,4.43,5.03,4.81,1.5,1.82,1.89,2.55,2.22,2.23,optimal,optimal,optimal,optimal,optimal,optimal,optimal,optimal,optimal,optimal,optimal,optimal,optimal,optimal,optimal,optimal,optimal,optimal,optimal,optimal,optimal,optimal,optimal,optimal,optimal,optimal,optimal
miplib_relax,chromaticindex512-7,36864.0,70655.0,172020.0,0.0,0.46,0.6,0.52,0.88,0.53,5.09,14.9,0.22,0.26,0.27,1.07,1.29,1.2,0.33,0.31,2.99,2.86,3.1,2.07,2.42,2.97,0.8,0.89,0.88,1.53,1.06,1.2,optimal,optimal,optimal,optimal,optimal,optimal,optimal,optimal,optimal,optimal,optimal,optimal,optimal,optimal,optimal,optimal,optimal,optimal,optimal,optimal,optimal,optimal,optimal,optimal,optimal,optimal,optimal
miplib_relax,cmflsp50-24-8-8,16392.0,19912.0,175014.0,0.0,0.65,0.85,0.62,1.0,0.86,0.64,0.68,0.89,19.07,91.64,4.11,10.8,13.48,0.39,0.43,2.64,2.56,2.89,1.28,1.83,2.13,2.14,2.05,2.09,2.35,1.71,1.81,optimal,optimal,optimal_inaccurate,optimal_inaccurate,optimal_inaccurate,optimal,optimal,optimal,optimal,optimal,optimal,optimal,optimal,optimal,optimal,optimal,optimal,optimal,optimal,optimal,optimal,optimal,optimal,optimal,optimal,optimal,optimal
miplib_relax,co-100,48417.0,50604.0,2044234.0,0.0,311.05,306.85,0.9,1.15,0.89,1.9,1.91,37.61,300.02,300.02,300.23,300.23,300.25,200.32,390.0,8.65,6.36,7.67,14.7,17.3,19.16,12.23,9.93,12.17,6.26,4.15,3.99,time_limit,optimal,optimal,optimal,optimal,optimal,optimal,optimal,time_limit,time_limit,time_limit,time_limit,time_limit,optimal,time_limit,optimal,optimal,optimal,optimal,optimal,optimal,optimal,optimal,optimal,optimal,optimal,optimal
miplib_relax,cod105,1024.0,2048.0,58368.0,0.0,0.28,0.33,0.36,0.56,0.42,4.78,5.93,0.19,0.23,0.19,0.02,0.02,0.02,0.88,0.92,1.84,1.92,1.53,0.32,0.35,0.51,0.2,0.23,0.22,0.63,0.38,0.43,optimal,optimal,optimal,optimal,optimal,optimal,optimal,optimal,optimal,optimal,optimal,optimal,optimal,optimal,optimal,optimal,optimal,optimal,optimal,optimal,optimal,optimal,optimal,optimal,optimal,optimal,optimal
miplib_relax,comp07-2idx,17264.0,38499.0,103841.0,0.0,6.19,6.08,0.91,1.1,0.9,1.38,1.45,6.44,7.84,8.49,0.23,0.24,0.26,2.93,3.03,3.29,2.69,2.98,1.78,2.07,2.07,0.96,1.02,0.97,1.5,1.31,1.05,optimal,optimal,optimal_inaccurate,optimal_inaccurate,optimal_inaccurate,optimal,optimal,optimal,optimal,optimal,optimal,optimal,optimal,optimal,optimal,optimal,optimal,optimal,optimal,optimal,optimal,optimal,optimal,optimal,optimal,optimal,optimal
miplib_relax,comp21-2idx,10863.0,24901.0,68164.0,0.0,4.73,4.82,0.77,0.98,0.8,0.25,0.44,2.61,3.3,3.1,0.17,0.16,0.18,1.4,1.49,2.66,2.23,2.35,0.98,1.08,1.2,0.61,0.65,0.62,1.12,0.78,0.78,optimal,optimal,optimal_inaccurate,optimal_inaccurate,optimal_inaccurate,optimal,optimal,optimal,optimal,optimal,optimal,optimal,optimal,optimal,optimal,optimal,optimal,optimal,optimal,optimal,optimal,optimal,optimal,optimal,optimal,optimal,optimal
miplib_relax,cost266-UUE,4161.0,5607.0,16473.0,0.0,0.04,0.06,0.5,0.65,0.5,0.05,0.05,9.82,12.35,9.3,0.98,4.46,6.21,0.04,0.04,1.75,1.76,1.84,0.2,0.24,0.27,0.2,0.28,0.26,0.78,0.54,0.55,optimal,optimal,optimal,optimal,optimal,optimal,optimal,primal_infeasible,primal_infeasible,primal_infeasible,optimal,optimal,optimal,optimal,optimal,optimal,optimal,optimal,optimal,optimal,optimal,optimal,optimal,optimal,optimal,optimal,optimal
miplib_relax,cryptanalysiskb128n5obj14,48950.0,146971.0,341825.0,0.0,5.55,6.77,,1.05,,12.47,12.92,5.08,12.55,13.26,2.61,3.32,3.1,2.97,3.24,4.5,3.64,5.53,4.15,4.36,33.34,2.41,2.33,2.39,2.82,1.97,2.01,optimal,optimal,worker_error,optimal,worker_error,optimal,optimal,optimal,optimal,optimal,optimal,optimal,optimal,optimal,optimal,optimal,optimal,optimal,optimal,optimal,optimal,optimal,optimal,optimal,optimal,optimal,optimal
miplib_relax,cryptanalysiskb128n5obj16,48950.0,146971.0,341825.0,0.0,5.3,6.62,0.81,0.99,,16.29,14.61,5.31,14.42,14.77,2.23,2.61,2.78,2.82,3.13,4.06,4.13,4.02,3.56,4.17,4.22,2.61,2.51,2.81,2.78,1.95,2.15,optimal,optimal,optimal,optimal,worker_error,optimal,optimal,optimal,optimal,optimal,optimal,optimal,optimal,optimal,optimal,optimal,optimal,optimal,optimal,optimal,optimal,optimal,optimal,optimal,optimal,optimal,optimal
miplib_relax,csched007,1758.0,2109.0,8137.0,0.0,0.04,0.05,0.43,0.55,0.37,0.13,0.08,1.21,3.16,53.75,3.47,3.87,5.66,0.02,0.02,1.83,1.86,2.03,0.19,0.25,0.3,4.24,4.61,4.39,11.67,10.25,9.98,optimal,optimal,optimal,optimal,optimal,optimal,optimal,optimal,optimal,max_iter_reached,optimal,optimal,optimal,optimal,optimal,optimal,optimal,optimal,optimal,optimal,optimal,optimal,optimal,optimal,optimal,optimal,optimal
miplib_relax,csched008,1536.0,1887.0,7223.0,0.0,0.03,0.04,0.44,0.54,0.41,0.05,0.06,0.06,0.13,0.12,0.47,1.25,2.13,0.02,0.02,1.7,1.72,1.59,0.11,0.13,0.12,0.1,0.12,0.11,0.76,0.5,0.49,optimal,optimal,optimal,optimal,optimal,optimal,optimal,optimal,optimal,optimal,optimal,optimal,optimal,optimal,optimal,optimal,optimal,optimal,optimal,optimal,optimal,optimal,optimal,optimal,optimal,optimal,optimal
miplib_relax,cvs16r128-89,3472.0,8105.0,16000.0,0.0,0.45,0.53,0.42,0.58,0.43,3.07,2.51,0.48,1.0,5.63,0.04,0.05,0.05,0.08,0.09,1.77,1.7,1.57,0.21,0.25,0.26,0.14,0.13,0.13,0.64,0.39,0.42,optimal,optimal,optimal,optimal,optimal,optimal,optimal,optimal,optimal,optimal,optimal,optimal,optimal,optimal,optimal,optimal,optimal,optimal,optimal,optimal,optimal,optimal,optimal,optimal,optimal,optimal,optimal
miplib_relax,dano3_3,13873.0,17075.0,93528.0,0.0,5.09,6.51,0.77,3.21,3.5,26.47,30.39,14.32,54.68,271.55,7.79,16.28,47.88,17.62,18.32,2.59,3.26,2.85,4.06,5.41,6.11,5.76,6.03,6.82,3.24,3.19,2.61,optimal,optimal,optimal_inaccurate,optimal_inaccurate,optimal_inaccurate,optimal,optimal,optimal,optimal,optimal,optimal,optimal,optimal,optimal,optimal,optimal,optimal,optimal,optimal,optimal,optimal,optimal,optimal,optimal,optimal,optimal,optimal
miplib_relax,dano3_5,13873.0,17075.0,93528.0,0.0,5.32,6.45,0.78,3.27,3.51,26.24,30.22,14.3,54.82,273.7,7.75,16.28,47.74,17.63,18.17,2.47,2.76,2.69,4.05,5.28,5.89,5.61,6.01,6.86,3.0,3.0,3.32,optimal,optimal,optimal_inaccurate,optimal_inaccurate,optimal_inaccurate,optimal,optimal,optimal,optimal,optimal,optimal,optimal,optimal,optimal,optimal,optimal,optimal,optimal,optimal,optimal,optimal,optimal,optimal,optimal,optimal,optimal,optimal
miplib_relax,decomp2,14387.0,25152.0,78460.0,0.0,0.28,0.39,0.44,0.56,0.44,0.2,0.26,2.98,6.32,6.03,0.19,0.18,0.21,0.26,0.23,2.02,2.2,1.99,0.77,0.83,0.87,0.42,0.46,0.48,0.96,0.67,0.68,optimal,optimal,optimal_inaccurate,optimal_inaccurate,optimal,optimal,optimal,optimal,optimal,optimal,optimal,optimal,optimal,optimal,optimal,optimal,optimal,optimal,optimal,optimal,optimal,optimal,optimal,optimal,optimal,optimal,optimal
miplib_relax,drayage-100-23,11090.0,15720.0,52640.0,0.0,0.44,0.58,0.36,0.52,0.33,0.1,0.12,275.98,300.0,300.0,46.57,46.58,47.9,0.15,0.16,2.18,2.18,2.22,0.77,0.81,1.28,1.31,1.4,1.29,1.23,1.14,1.07,optimal,optimal,optimal,optimal,optimal,optimal,optimal,optimal,time_limit,time_limit,optimal,optimal,optimal,optimal,optimal,optimal,optimal,optimal,optimal,optimal,optimal,optimal,optimal,optimal,optimal,optimal,optimal
miplib_relax,drayage-25-23,11090.0,15720.0,52640.0,0.0,0.46,0.61,0.35,0.48,0.35,0.1,0.11,300.0,300.0,299.36,57.55,83.67,87.35,0.15,0.16,2.17,2.18,2.07,0.72,0.81,0.96,0.97,1.02,1.03,1.27,0.72,1.37,optimal,optimal,optimal,optimal,optimal,optimal,optimal,time_limit,time_limit,max_iter_reached,optimal,optimal,optimal,optimal,optimal,optimal,optimal,optimal,optimal,optimal,optimal,optimal,optimal,optimal,optimal,optimal,optimal
miplib_relax,dws008-01,11096.0,17160.0,67496.0,0.0,0.19,0.24,0.5,0.67,0.5,0.12,0.13,0.15,0.23,0.22,0.65,0.67,0.68,0.12,0.11,1.92,1.86,2.05,0.59,0.66,0.84,0.44,0.46,0.46,0.88,0.57,0.62,optimal,optimal,optimal,optimal,optimal,optimal,optimal,optimal,optimal,optimal,optimal,optimal,optimal,optimal,optimal,optimal,optimal,optimal,optimal,optimal,optimal,optimal,optimal,optimal,optimal,optimal,optimal
miplib_relax,eil33-2,4516.0,4548.0,48759.0,0.0,0.15,0.2,0.35,0.49,0.35,0.07,0.08,0.95,5.75,8.88,2.81,6.1,16.27,0.06,0.06,1.92,1.75,1.8,0.3,0.32,0.34,0.25,0.31,0.32,0.79,0.48,0.5,optimal,optimal,optimal,optimal,optimal,optimal,optimal,optimal,optimal,optimal,optimal,optimal,optimal,optimal,optimal,optimal,optimal,optimal,optimal,optimal,optimal,optimal,optimal,optimal,optimal,optimal,optimal
miplib_relax,eilA101-2,65832.0,65932.0,1025205.0,0.0,6.9,9.53,1.62,1.93,1.56,2.13,2.33,300.01,300.01,300.01,150.32,300.21,300.17,9.37,7.77,6.93,6.12,8.93,7.86,10.72,11.16,7.48,7.75,9.47,5.54,4.31,5.09,optimal,optimal,optimal,optimal,optimal,optimal,optimal,time_limit,time_limit,time_limit,optimal_inaccurate,time_limit,time_limit,optimal,optimal,optimal,optimal,optimal,optimal,optimal,optimal,optimal,optimal,optimal,optimal,optimal,optimal
miplib_relax,enlight_hard,200.0,300.0,760.0,0.0,0.0,0.0,0.23,0.3,0.2,0.0,0.01,0.0,0.0,0.0,0.0,0.0,0.01,0.0,0.0,1.5,1.52,1.45,0.02,0.03,0.03,0.01,0.01,0.01,0.5,0.27,0.4,optimal,optimal,optimal,optimal,optimal,optimal,optimal,optimal,optimal,optimal,optimal,optimal,optimal,optimal,optimal,optimal,optimal,optimal,optimal,optimal,optimal,optimal,optimal,optimal,optimal,optimal,optimal
miplib_relax,ex10,17680.0,87288.0,1179680.0,0.0,202.05,212.46,0.79,1.09,0.77,300.03,300.25,390.0,390.0,390.0,3.4,4.31,4.32,390.0,390.0,5.49,5.4,6.0,43.65,54.65,52.68,13.78,16.27,13.69,3.96,2.9,2.95,optimal,optimal,optimal_inaccurate,optimal_inaccurate,optimal_inaccurate,time_limit,time_limit,time_limit,time_limit,time_limit,optimal,optimal,optimal,time_limit,time_limit,optimal,optimal,optimal,optimal,optimal,optimal,optimal,optimal,optimal,optimal,optimal,optimal
miplib_relax,ex9,10404.0,51366.0,527516.0,0.0,81.27,78.94,0.51,0.69,0.53,184.24,72.61,97.65,136.93,111.84,1.07,1.2,1.38,390.0,390.0,3.43,3.26,3.71,13.16,16.57,15.8,3.79,5.28,5.02,2.14,1.58,1.63,optimal,optimal,optimal,optimal,optimal,optimal,optimal,optimal,optimal,optimal,optimal,optimal,optimal,time_limit,time_limit,optimal,optimal,optimal,optimal,optimal,optimal,optimal,optimal,optimal,optimal,optimal,optimal
miplib_relax,exp-1-500-5-5,990.0,1540.0,2970.0,0.0,0.01,0.01,0.48,0.75,0.47,0.01,0.01,0.03,0.04,0.04,0.03,0.04,0.05,0.01,0.01,1.7,1.62,1.69,0.08,0.09,0.1,0.04,0.04,0.04,0.65,0.35,0.37,optimal,optimal,optimal,optimal,optimal,optimal,optimal,optimal,optimal,optimal,optimal,optimal,optimal,optimal,optimal,optimal,optimal,optimal,optimal,optimal,optimal,optimal,optimal,optimal,optimal,optimal,optimal
miplib_relax,fast0507,63009.0,63516.0,472358.0,0.0,2.86,3.74,0.83,1.42,1.32,5.03,4.78,125.48,193.29,191.33,18.18,46.46,153.13,1.51,1.53,5.93,5.9,7.63,5.13,8.46,7.6,6.25,9.05,13.62,5.17,5.62,7.91,optimal,optimal,optimal_inaccurate,optimal_inaccurate,optimal_inaccurate,optimal,optimal,optimal,optimal,optimal,optimal_inaccurate,optimal,optimal,optimal,optimal,optimal,optimal,optimal,optimal,optimal,optimal,optimal,optimal,optimal,optimal,optimal,optimal
miplib_relax,fastxgemm-n2r6s0t2,784.0,6782.0,20160.0,0.0,0.05,0.07,0.4,0.59,0.41,0.15,0.12,0.04,0.04,0.04,0.04,0.05,0.05,0.03,0.03,1.62,1.63,1.69,0.18,0.19,0.21,0.13,0.16,0.16,0.7,0.42,0.42,optimal,optimal,optimal_inaccurate,optimal,optimal,optimal,optimal,optimal,optimal,optimal,optimal,optimal,optimal,optimal,optimal,optimal,optimal,optimal,optimal,optimal,optimal,optimal,optimal,optimal,optimal,optimal,optimal
miplib_relax,fhnw-binpack4-4,520.0,1140.0,2852.0,0.0,0.01,0.01,0.29,0.4,0.31,0.01,0.01,0.0,0.0,0.0,0.01,0.01,0.01,0.0,0.0,1.49,1.48,1.98,0.05,0.05,0.15,0.05,0.06,0.06,0.7,0.37,0.4,optimal,optimal,optimal,optimal,optimal,optimal,optimal,optimal,optimal,optimal,optimal,optimal,optimal,optimal,optimal,optimal,optimal,optimal,optimal,optimal,optimal,optimal,optimal,optimal,optimal,optimal,optimal
miplib_relax,fhnw-binpack4-48,3710.0,8190.0,21000.0,0.0,0.04,0.06,0.32,0.46,0.32,0.1,0.09,0.02,0.02,0.02,0.03,0.03,0.03,0.03,0.03,1.65,1.67,5.15,0.22,0.34,1.76,0.3,0.31,0.32,0.97,0.65,0.63,optimal,optimal,optimal_inaccurate,optimal_inaccurate,optimal_inaccurate,optimal,optimal,optimal,optimal,optimal,optimal,optimal,optimal,optimal,optimal,optimal,optimal,optimal,optimal,optimal,optimal,optimal,optimal,optimal,optimal,optimal,optimal
miplib_relax,fiball,34219.0,37925.0,139010.0,0.0,0.48,0.66,0.45,0.84,0.48,0.28,0.29,0.37,0.5,0.41,1.38,1.53,2.29,0.36,0.36,2.44,2.28,2.4,1.27,1.32,1.43,0.84,0.85,0.88,1.48,0.85,0.87,optimal,optimal,optimal,optimal,optimal,optimal,optimal,optimal,optimal,optimal,optimal,optimal,optimal,optimal,optimal,optimal,optimal,optimal,optimal,optimal,optimal,optimal,optimal,optimal,optimal,optimal,optimal
miplib_relax,gen-ip002,41.0,65.0,963.0,0.0,0.0,0.0,0.27,0.42,0.33,0.0,0.0,0.0,0.12,2.35,0.01,0.01,0.02,0.0,0.0,1.7,1.64,1.59,0.03,0.03,0.03,0.01,0.01,0.01,0.5,0.28,0.3,optimal,optimal,optimal,optimal,optimal,optimal,optimal,optimal,optimal,max_iter_reached,optimal,optimal,optimal,optimal,optimal,optimal,optimal,optimal,optimal,optimal,optimal,optimal,optimal,optimal,optimal,optimal,optimal
miplib_relax,gen-ip054,30.0,57.0,562.0,0.0,0.0,0.0,0.3,0.38,0.27,0.0,0.0,0.0,0.02,0.1,0.0,0.01,0.01,0.0,0.0,1.45,1.41,1.35,0.03,0.03,0.03,0.01,0.01,0.01,0.56,0.3,0.29,optimal,optimal,optimal,optimal,optimal,optimal,optimal,optimal,optimal,optimal,optimal,optimal,optimal,optimal,optimal,optimal,optimal,optimal,optimal,optimal,optimal,optimal,optimal,optimal,optimal,optimal,optimal
miplib_relax,germanrr,10813.0,21591.0,186359.0,0.0,0.98,1.31,0.63,0.79,0.61,0.45,0.46,0.2,0.24,0.19,300.04,300.04,300.05,0.79,1.6,2.48,2.31,2.84,1.37,1.66,2.0,300.18,300.15,300.17,300.77,300.52,300.45,optimal_inaccurate,optimal,optimal,optimal,optimal,optimal,optimal,dual_infeasible,dual_infeasible,dual_infeasible,time_limit,time_limit,time_limit,optimal,optimal,optimal_inaccurate,optimal_inaccurate,optimal_inaccurate,optimal_inaccurate,optimal_inaccurate,optimal_inaccurate,optimal_inaccurate,optimal_inaccurate,optimal_inaccurate,optimal_inaccurate,optimal_inaccurate,optimal_inaccurate
miplib_relax,gfd-schedulen180f7d50m30k18,227535.0,685520.0,1460907.0,0.0,5.27,5.88,1.85,3.08,2.03,4.87,5.21,58.39,150.01,126.47,5.39,49.41,54.64,3.7,3.9,20.21,13.21,390.0,19.44,24.84,390.0,12.53,12.25,14.72,15.66,10.91,10.34,solver_error,solver_error,optimal,optimal,optimal,optimal,optimal,optimal,optimal,optimal,optimal,optimal,optimal,optimal_inaccurate,optimal_inaccurate,optimal,optimal,time_limit,optimal,optimal,time_limit,optimal,optimal,optimal,optimal,optimal,optimal
miplib_relax,glass-sc,214.0,6333.0,64132.0,0.0,0.19,0.26,0.56,0.76,0.55,0.16,0.17,3.52,109.77,172.2,0.28,0.4,0.71,0.1,0.11,1.97,1.77,2.83,0.25,0.34,0.36,0.53,0.7,1.21,1.15,1.43,1.84,optimal,optimal,optimal,optimal,optimal,optimal,optimal,optimal,optimal,max_iter_reached,optimal,optimal,optimal,optimal,optimal,optimal,optimal,optimal,optimal,optimal,optimal,optimal,optimal,optimal,optimal,optimal,optimal
miplib_relax,glass4,322.0,718.0,2137.0,0.0,0.0,0.01,0.33,0.46,0.33,0.01,0.01,0.01,0.01,0.02,0.01,0.01,0.01,0.0,0.0,1.67,1.53,1.43,0.04,0.05,0.05,0.02,0.02,0.02,0.49,0.32,0.34,optimal,optimal,optimal,optimal,optimal,optimal,optimal,optimal,optimal,optimal,optimal,optimal,optimal,optimal,optimal,optimal,optimal,optimal,optimal,optimal,optimal,optimal,optimal,optimal,optimal,optimal,optimal
miplib_relax,gmu-35-40,1205.0,1629.0,6048.0,0.0,0.03,0.04,0.34,0.47,0.35,0.02,0.02,34.62,55.17,33.69,3.69,4.02,33.49,0.02,0.02,1.86,1.65,1.55,0.11,0.15,0.15,0.08,1.26,14.76,0.67,5.26,17.08,optimal,optimal,optimal,optimal,optimal,optimal,optimal,max_iter_reached,max_iter_reached,max_iter_reached,optimal,optimal,optimal,optimal,optimal,optimal,optimal,optimal,optimal,optimal,optimal,optimal,optimal,optimal,optimal,optimal,optimal
miplib_relax,gmu-35-50,1919.0,2354.0,10562.0,0.0,0.05,0.07,0.4,0.55,0.37,0.03,0.03,32.49,83.13,49.72,1.55,15.81,17.06,0.03,0.03,1.75,1.66,1.58,0.16,0.19,0.22,0.12,1.44,1.48,0.7,7.6,7.41,optimal,optimal,optimal,optimal,optimal,optimal,optimal,optimal,max_iter_reached,max_iter_reached,optimal,optimal,optimal,optimal,optimal,optimal,optimal,optimal,optimal,optimal,optimal,optimal,optimal,optimal,optimal,optimal,optimal
miplib_relax,graph20-20-1rand,2183.0,7770.0,21460.0,0.0,0.03,0.04,0.4,0.53,0.42,0.09,0.12,0.04,0.06,0.07,0.05,0.05,0.05,0.02,0.02,1.51,1.54,1.47,0.16,0.19,0.21,0.09,0.1,0.09,0.59,0.36,0.36,optimal,optimal,optimal_inaccurate,optimal_inaccurate,optimal_inaccurate,optimal,optimal,optimal,optimal,optimal,optimal,optimal,optimal,optimal,optimal,optimal,optimal,optimal,optimal,optimal,optimal,optimal,optimal,optimal,optimal,optimal,optimal
miplib_relax,graphdraw-domain,254.0,1099.0,2834.0,0.0,0.01,0.01,0.28,0.41,0.31,0.01,0.01,0.01,0.02,0.02,0.01,0.01,0.01,0.01,0.01,1.49,1.65,1.38,0.05,0.06,0.06,0.04,0.04,0.04,0.65,0.41,0.43,optimal,optimal,optimal,optimal,optimal,optimal,optimal,optimal,optimal,optimal,optimal,optimal,optimal,optimal,optimal,optimal,optimal,optimal,optimal,optimal,optimal,optimal,optimal,optimal,optimal,optimal,optimal
miplib_relax,h80x6320d,12640.0,19198.0,44161.0,0.0,0.13,0.17,0.32,0.46,0.29,0.12,0.11,3.97,8.73,6.38,0.65,0.81,1.16,0.09,0.08,1.88,1.94,1.81,0.51,0.57,0.8,0.53,0.66,0.85,1.1,0.78,0.93,optimal,optimal,optimal,optimal,optimal,optimal,optimal,optimal,optimal,optimal,optimal,optimal,optimal,optimal,optimal,optimal,optimal,optimal,optimal,optimal,optimal,optimal,optimal,optimal,optimal,optimal,optimal
miplib_relax,highschool1-aigio,320404.0,412972.0,1882572.0,0.0,319.53,343.91,1.75,2.81,1.61,300.08,300.07,390.0,390.0,390.0,8.41,21.37,44.9,390.0,390.0,27.04,23.07,26.01,246.18,300.68,316.79,50.88,55.97,56.2,14.43,11.02,10.96,optimal,time_limit,optimal_inaccurate,optimal_inaccurate,optimal_inaccurate,time_limit,time_limit,time_limit,time_limit,time_limit,optimal,optimal,optimal,time_limit,time_limit,optimal,optimal,optimal,optimal,optimal,optimal,optimal,optimal,optimal,optimal,optimal,optimal
miplib_relax,hypothyroid-k1,2602.0,7797.0,436486.0,0.0,10.87,11.29,1.24,1.53,1.25,3.01,2.99,47.58,115.63,224.43,8.94,12.22,13.62,2.0,2.11,2.49,2.15,2.16,2.07,2.66,3.08,5.46,5.14,5.43,2.79,2.62,2.2,optimal_inaccurate,optimal,optimal_inaccurate,optimal_inaccurate,optimal_inaccurate,optimal,optimal,optimal,optimal,optimal,optimal,optimal,optimal,optimal,optimal,optimal,optimal,optimal,optimal,optimal,optimal,optimal,optimal,optimal,optimal,optimal,optimal
miplib_relax,ic97_potential,728.0,1774.0,3866.0,0.0,0.01,0.01,0.31,0.44,0.32,0.02,0.02,0.01,0.01,0.01,0.01,0.01,0.01,0.0,0.01,1.81,1.58,1.43,0.05,0.06,0.06,0.03,0.04,0.04,0.57,0.32,0.33,optimal,optimal,optimal,optimal,optimal,optimal,optimal,optimal,optimal,optimal,optimal,optimal,optimal,optimal,optimal,optimal,optimal,optimal,optimal,optimal,optimal,optimal,optimal,optimal,optimal,optimal,optimal
miplib_relax,icir97_tension,2494.0,3697.0,24827.0,0.0,0.04,0.05,0.3,0.42,0.32,0.04,0.04,0.06,0.11,0.12,0.44,0.43,0.48,0.03,0.03,1.95,1.73,1.48,0.19,0.22,0.23,0.16,0.18,0.16,0.72,0.48,0.46,optimal,optimal,optimal,optimal,optimal,optimal,optimal,optimal,optimal,optimal,optimal,optimal,optimal,optimal,optimal,optimal,optimal,optimal,optimal,optimal,optimal,optimal,optimal,optimal,optimal,optimal,optimal
miplib_relax,irish-electricity,61728.0,165987.0,584985.0,0.0,307.05,306.3,2.84,3.32,2.81,83.38,81.9,300.01,300.02,300.02,300.26,300.23,300.21,390.0,390.0,19.73,41.3,231.74,23.03,68.92,320.09,301.55,301.42,301.64,302.06,301.6,301.54,time_limit,time_limit,optimal_inaccurate,optimal_inaccurate,optimal_inaccurate,optimal_inaccurate,optimal_inaccurate,time_limit,time_limit,time_limit,time_limit,time_limit,time_limit,time_limit,time_limit,optimal,optimal,optimal,optimal,optimal,optimal,optimal_inaccurate,optimal_inaccurate,optimal_inaccurate,optimal_inaccurate,optimal_inaccurate,optimal_inaccurate
miplib_relax,irp,20315.0,20354.0,118569.0,0.0,0.66,0.96,0.4,0.56,0.41,0.18,0.2,0.27,1.15,6.42,2.99,4.94,37.56,0.67,0.69,3.66,3.27,3.68,1.48,2.08,2.49,0.81,1.77,1.82,1.44,1.57,1.55,optimal,optimal,optimal,optimal,optimal,optimal,optimal,optimal,optimal,optimal,optimal_inaccurate,optimal,optimal,optimal,optimal,optimal,optimal,optimal,optimal,optimal,optimal,optimal,optimal,optimal,optimal,optimal,optimal
miplib_relax,istanbul-no-cutoff,5282.0,25628.0,76759.0,0.0,0.32,0.42,0.51,0.71,0.51,0.79,1.22,0.3,0.38,0.31,1.21,1.18,1.25,0.18,0.19,2.65,2.36,2.17,0.89,0.98,0.97,0.52,0.6,0.54,1.08,0.87,0.85,optimal,optimal,optimal_inaccurate,optimal_inaccurate,optimal_inaccurate,optimal,optimal,optimal,optimal,optimal,optimal,optimal,optimal,optimal,optimal,optimal,optimal,optimal,optimal,optimal,optimal,optimal,optimal,optimal,optimal,optimal,optimal
miplib_relax,k1mushroom,8211.0,24630.0,1706157.0,0.0,64.88,67.86,,,,17.07,18.63,300.02,300.02,300.01,34.24,37.76,39.13,9.37,6.66,5.95,3.48,3.64,12.92,14.51,16.07,25.06,16.89,30.7,11.24,3.81,3.82,optimal_inaccurate,optimal,worker_error,worker_error,worker_error,optimal,optimal,time_limit,time_limit,time_limit,optimal,optimal,optimal,optimal,optimal,optimal,optimal,optimal,optimal,optimal,optimal,optimal,optimal,optimal,optimal,optimal,optimal
miplib_relax,lectsched-5-obj,21805.0,60689.0,261413.0,0.0,0.42,0.59,0.45,0.57,0.4,0.29,0.3,0.32,0.44,0.36,0.49,0.58,0.65,0.38,0.49,2.69,2.38,2.29,1.33,1.44,1.62,0.85,0.83,0.87,1.23,0.77,0.81,optimal,optimal,optimal,optimal,optimal,optimal,optimal,optimal,optimal,optimal,optimal,optimal,optimal,optimal,optimal,optimal,optimal,optimal,optimal,optimal,optimal,optimal,optimal,optimal,optimal,optimal,optimal
miplib_relax,leo1,6731.0,7323.0,137948.0,0.0,0.27,0.35,0.35,0.53,0.33,0.15,0.15,0.05,0.05,0.04,31.45,30.43,31.21,0.19,0.2,2.29,1.9,1.74,0.59,0.73,0.79,82.24,86.28,83.21,25.14,4.87,8.69,optimal_inaccurate,optimal_inaccurate,optimal,optimal,optimal,optimal,optimal,dual_infeasible,dual_infeasible,dual_infeasible,primal_infeasible,primal_infeasible,primal_infeasible,optimal,optimal,optimal_inaccurate,optimal_inaccurate,optimal,optimal_inaccurate,optimal_inaccurate,optimal,primal_infeasible,primal_infeasible,primal_infeasible,primal_infeasible,primal_infeasible,primal_infeasible
miplib_relax,leo2,11100.0,11692.0,231058.0,0.0,0.48,0.64,0.42,0.57,0.39,0.24,0.25,0.07,0.07,0.06,93.34,91.66,93.15,0.31,0.36,2.52,2.34,2.1,0.9,1.21,1.28,9.47,9.51,9.1,15.14,2.2,1.83,optimal_inaccurate,optimal_inaccurate,optimal,optimal,optimal,optimal,optimal,dual_infeasible,dual_infeasible,dual_infeasible,primal_infeasible,primal_infeasible,primal_infeasible,optimal,optimal,optimal_inaccurate,optimal_inaccurate,optimal_inaccurate,optimal_inaccurate,optimal_inaccurate,optimal_inaccurate,primal_infeasible,primal_infeasible,primal_infeasible,primal_infeasible,primal_infeasible,primal_infeasible
miplib_relax,lotsize,2985.0,4905.0,9550.0,0.0,0.03,0.05,0.58,0.7,0.55,0.03,0.03,0.17,0.24,0.2,0.28,0.49,0.51,0.02,0.02,1.97,1.67,1.55,0.13,0.16,0.16,0.16,0.19,0.21,0.69,0.45,0.47,optimal,optimal,optimal,optimal,optimal,optimal,optimal,optimal,optimal,optimal,optimal,optimal,optimal,optimal,optimal,optimal,optimal,optimal,optimal,optimal,optimal,optimal,optimal,optimal,optimal,optimal,optimal
miplib_relax,mad,220.0,271.0,3028.0,0.0,0.06,0.05,0.38,0.31,0.3,0.01,0.01,0.01,0.01,0.01,0.0,0.0,0.01,0.01,0.01,1.96,1.56,5.92,0.03,0.03,0.03,0.04,0.04,0.06,0.66,0.49,0.52,optimal,optimal,optimal,optimal,optimal,optimal,optimal,optimal,optimal,optimal,optimal,optimal,optimal,optimal,optimal,optimal,optimal,optimal,optimal,optimal,optimal,optimal,optimal,optimal,optimal,optimal,optimal
miplib_relax,map10,164547.0,493365.0,714467.0,0.0,49.39,56.85,9.67,10.51,8.96,5.36,6.16,300.04,300.06,300.04,300.7,300.75,300.7,390.0,390.0,31.91,50.18,102.22,43.39,114.11,265.15,302.99,302.92,302.65,303.92,303.08,303.12,max_iter_reached,max_iter_reached,optimal_inaccurate,optimal_inaccurate,optimal_inaccurate,optimal,optimal,time_limit,time_limit,time_limit,time_limit,time_limit,time_limit,time_limit,time_limit,optimal_inaccurate,optimal,optimal,optimal_inaccurate,optimal,optimal,optimal_inaccurate,optimal_inaccurate,optimal_inaccurate,optimal_inaccurate,optimal_inaccurate,optimal_inaccurate
miplib_relax,map16715-04,164547.0,493365.0,714467.0,0.0,48.89,57.93,11.23,14.14,13.82,7.49,8.03,300.04,300.06,300.04,300.74,300.71,300.81,390.0,390.0,37.52,60.5,128.25,56.96,134.61,277.58,302.56,303.16,302.84,303.9,302.89,303.11,max_iter_reached,max_iter_reached,optimal_inaccurate,optimal_inaccurate,optimal_inaccurate,optimal,optimal,time_limit,time_limit,time_limit,time_limit,time_limit,time_limit,time_limit,time_limit,optimal,optimal,optimal,optimal,optimal,optimal,optimal_inaccurate,optimal_inaccurate,optimal_inaccurate,optimal_inaccurate,optimal_inaccurate,optimal_inaccurate
miplib_relax,markshare2,74.0,81.0,508.0,0.0,0.0,0.0,0.31,0.36,0.3,0.01,0.0,0.0,0.0,0.0,0.0,0.0,0.0,0.0,0.0,7.64,1.64,4.18,0.02,0.02,0.02,0.01,0.0,0.01,0.54,0.31,0.29,optimal,optimal,optimal,optimal,optimal,optimal,optimal,optimal,optimal,optimal,optimal,optimal,optimal,optimal,optimal,optimal,optimal,optimal,optimal,optimal,optimal,optimal,optimal,optimal,optimal,optimal,optimal
miplib_relax,markshare_4_0,34.0,38.0,157.0,0.0,0.0,0.0,0.3,0.4,0.28,0.0,0.0,0.0,0.0,0.0,0.0,0.0,0.0,0.0,0.0,2.35,1.55,0.98,0.02,0.02,0.02,0.0,0.01,0.0,0.48,0.28,0.29,optimal,optimal,optimal,optimal,optimal,optimal,optimal,optimal,optimal,optimal,optimal,optimal,optimal,optimal,optimal,optimal,optimal,optimal,optimal,optimal,optimal,optimal,optimal,optimal,optimal,optimal,optimal
miplib_relax,mas74,151.0,164.0,1857.0,0.0,0.0,0.01,0.28,0.41,0.26,0.01,0.01,4.37,5.41,4.17,34.73,297.12,300.0,0.0,0.0,8.05,2.15,4.57,0.05,0.11,0.12,0.34,13.45,12.74,61.16,71.78,72.6,optimal,optimal,optimal_inaccurate,optimal_inaccurate,optimal_inaccurate,optimal,optimal,max_iter_reached,max_iter_reached,max_iter_reached,optimal,optimal,time_limit,dual_infeasible,dual_infeasible,optimal,optimal,optimal,optimal,optimal,optimal,optimal,optimal,optimal,optimal,optimal,optimal_inaccurate
miplib_relax,mas76,151.0,163.0,1791.0,0.0,0.0,0.01,0.27,0.43,0.3,0.01,0.01,4.14,5.13,4.0,46.51,71.5,212.29,0.0,0.0,1.87,1.79,1.04,0.05,0.06,0.06,0.48,0.68,0.65,2.71,1.45,0.74,optimal,optimal,optimal,optimal,optimal,optimal,optimal,max_iter_reached,max_iter_reached,max_iter_reached,optimal,optimal,optimal,dual_infeasible,dual_infeasible,optimal,optimal,optimal,optimal,optimal,optimal,optimal,optimal,optimal,optimal,optimal,optimal
miplib_relax,mc11,3040.0,4960.0,9120.0,0.0,0.03,0.04,0.4,0.53,0.39,0.03,0.03,0.17,0.55,67.51,0.66,1.25,1.27,0.02,0.02,1.83,1.79,1.05,0.16,0.18,0.2,0.15,0.15,0.15,0.74,0.44,0.44,optimal,optimal,optimal,optimal,optimal,optimal,optimal,optimal,optimal,max_iter_reached,optimal,optimal,optimal,optimal,optimal,optimal,optimal,optimal,optimal,optimal,optimal,optimal,optimal,optimal,optimal,optimal,optimal
miplib_relax,mcsched,1747.0,3852.0,9833.0,0.0,0.04,0.06,0.48,0.68,0.51,0.21,0.21,0.01,0.01,0.02,300.01,300.01,300.01,0.02,0.03,1.74,1.74,1.21,0.11,0.15,0.23,4.56,5.24,5.29,10.69,9.98,11.89,optimal_inaccurate,optimal,optimal,optimal,optimal,optimal,optimal,dual_infeasible,dual_infeasible,dual_infeasible,time_limit,time_limit,time_limit,optimal,optimal,optimal_inaccurate,optimal,optimal,optimal_inaccurate,optimal,optimal,optimal,optimal,optimal,optimal,optimal,optimal
miplib_relax,mik-250-20-75-4,270.0,465.0,9540.0,0.0,0.02,0.03,0.28,0.39,0.28,0.01,0.01,22.46,30.47,21.57,1.05,5.63,7.27,0.01,0.01,1.87,1.63,4.35,0.07,0.08,0.08,0.05,0.05,0.05,0.6,0.38,0.41,optimal,optimal,optimal,optimal,optimal,optimal,optimal,max_iter_reached,max_iter_reached,max_iter_reached,optimal,optimal,optimal,optimal,optimal,optimal,optimal,optimal,optimal,optimal,optimal,optimal,optimal,optimal,optimal,optimal,optimal
miplib_relax,milo-v12-6-r2-40-1,2688.0,6678.0,15654.0,0.0,0.07,0.12,0.56,0.78,0.56,0.09,0.07,0.26,0.31,0.27,300.03,300.01,300.01,0.23,0.25,2.06,1.97,1.37,0.26,0.35,0.4,2.19,5.62,25.91,4.38,62.08,300.33,optimal,optimal,optimal,optimal,optimal,optimal,optimal,primal_infeasible,primal_infeasible,primal_infeasible,time_limit,time_limit,time_limit,optimal,optimal,optimal,optimal,optimal,optimal,optimal,optimal,optimal,optimal,optimal,optimal,optimal,optimal_inaccurate
miplib_relax,momentum1,5174.0,47854.0,108365.0,0.0,15.59,22.06,,,,0.91,0.73,24.32,74.7,292.01,3.86,5.46,146.66,1.71,1.82,3.48,3.98,3.45,2.36,3.77,4.87,9.8,9.92,17.27,4.5,9.1,10.92,optimal,optimal,worker_error,worker_error,worker_error,optimal,optimal,optimal,optimal,optimal,optimal,optimal,optimal,optimal,optimal,optimal,optimal,optimal,optimal,optimal,optimal,optimal,optimal,optimal,optimal,optimal,optimal
miplib_relax,mushroom-best,8468.0,17048.0,197203.0,0.0,0.7,1.13,0.39,0.64,0.5,0.4,0.41,2.39,3.65,6.89,2.19,6.36,7.46,0.39,0.42,2.74,3.15,2.91,2.08,3.38,4.46,0.53,0.63,1.3,0.86,0.59,0.92,optimal,optimal,optimal_inaccurate,optimal_inaccurate,optimal_inaccurate,optimal,optimal,optimal,optimal,optimal,optimal,optimal,optimal,optimal,optimal,optimal,optimal,optimal,optimal,optimal,optimal,optimal,optimal,optimal,optimal,optimal,optimal
miplib_relax,mzzv11,10240.0,19739.0,144843.0,0.0,101.93,105.32,7.23,9.37,9.15,113.71,59.49,300.0,300.01,300.01,214.7,300.04,300.04,35.07,35.16,3.4,4.36,4.32,4.09,9.27,12.09,7.78,9.93,236.32,5.73,16.9,105.16,optimal,optimal,optimal_inaccurate,optimal_inaccurate,optimal_inaccurate,optimal,optimal,time_limit,time_limit,time_limit,optimal,time_limit,time_limit,optimal,optimal,optimal,optimal,optimal,optimal,optimal,optimal,optimal,optimal,optimal,optimal,optimal,optimal
miplib_relax,mzzv42z,11717.0,22177.0,162978.0,0.0,85.17,94.96,3.0,3.74,4.2,14.54,2.32,300.01,300.01,300.02,4.75,300.04,300.05,34.77,34.98,2.85,3.73,4.38,2.8,6.97,11.33,4.28,56.05,231.64,2.8,54.04,125.68,optimal,optimal,optimal_inaccurate,optimal_inaccurate,optimal_inaccurate,optimal,optimal,time_limit,time_limit,time_limit,optimal,time_limit,time_limit,optimal,optimal,optimal,optimal,optimal,optimal,optimal,optimal,optimal,optimal,optimal,optimal,optimal,optimal
miplib_relax,n2seq36q,22480.0,25045.0,205772.0,0.0,24.53,19.41,,0.68,0.5,0.37,0.39,3.43,7.44,9.75,2.88,3.33,7.42,21.91,21.54,3.01,2.67,1.97,3.86,4.06,4.12,2.39,2.47,2.98,1.89,1.33,1.36,optimal,optimal,worker_error,optimal_inaccurate,optimal_inaccurate,optimal,optimal,optimal,optimal,optimal,optimal,optimal,optimal,optimal,optimal,optimal,optimal,optimal,optimal,optimal,optimal,optimal,optimal,optimal,optimal,optimal,optimal
miplib_relax,n3div36,22120.0,26604.0,362860.0,0.0,1.19,1.57,0.42,0.55,0.41,0.33,0.35,3.62,35.36,300.01,14.03,34.52,70.67,0.73,0.73,3.08,2.54,1.83,1.84,2.11,2.13,1.56,1.65,1.61,1.55,1.03,1.11,optimal,optimal,optimal,optimal,optimal,optimal,optimal,optimal,optimal,time_limit,optimal,optimal,optimal,optimal,optimal,optimal,optimal,optimal,optimal,optimal,optimal,optimal,optimal,optimal,optimal,optimal,optimal
miplib_relax,n5-3,2550.0,3612.0,12450.0,0.0,0.03,0.05,0.35,0.5,0.34,0.04,0.04,0.13,0.27,0.24,0.14,0.17,0.19,0.03,0.03,1.86,1.62,1.01,0.12,0.12,0.14,0.1,0.1,0.11,0.71,0.37,0.39,optimal,optimal,optimal,optimal,optimal,optimal,optimal,optimal,optimal,optimal,optimal,optimal,optimal,optimal,optimal,optimal,optimal,optimal,optimal,optimal,optimal,optimal,optimal,optimal,optimal,optimal,optimal
miplib_relax,n9-3,7644.0,10008.0,37716.0,0.0,1.17,1.12,0.4,0.5,0.39,0.17,0.16,0.88,1.45,1.32,0.51,0.52,0.6,0.16,0.16,,,,,,,0.26,0.28,0.28,0.79,0.47,0.49,optimal,optimal,optimal,optimal,optimal,optimal,optimal,optimal,optimal,optimal,optimal,optimal,optimal,optimal,optimal,,,,,,,optimal,optimal,optimal,optimal,optimal,optimal
miplib_relax,neos-1122047,5100.0,62891.0,168740.0,0.0,16.24,16.66,,,,1.96,3.15,149.26,212.33,166.62,7.66,7.44,7.6,1.79,1.87,3.0,2.61,2.1,3.27,3.24,3.66,6.27,5.59,6.77,6.11,3.27,4.22,optimal,optimal,worker_error,worker_error,worker_error,optimal,optimal,optimal,optimal,optimal,optimal,optimal,optimal,optimal,optimal,optimal,optimal,optimal,optimal,optimal,optimal,optimal,optimal,optimal,optimal,optimal,optimal
miplib_relax,neos-1171448,4914.0,18120.0,136773.0,0.0,0.21,0.29,0.47,0.69,0.51,1.15,0.97,0.15,0.19,0.17,0.29,0.28,0.31,0.78,0.24,2.06,1.83,1.29,0.63,0.67,0.7,0.51,0.55,0.5,0.96,0.63,0.63,optimal,optimal,optimal,optimal,optimal,optimal,optimal,optimal,optimal,optimal,optimal,optimal,optimal,optimal,optimal,optimal,optimal,optimal,optimal,optimal,optimal,optimal,optimal,optimal,optimal,optimal,optimal
miplib_relax,neos-1171737,2340.0,6519.0,60960.0,0.0,4.16,4.11,0.46,0.65,0.48,0.3,0.26,0.3,0.41,0.39,0.13,0.13,0.14,1.21,1.29,1.84,1.64,1.12,0.25,0.28,0.3,0.26,0.25,0.27,0.79,0.49,0.52,optimal,optimal,optimal,optimal,optimal,optimal,optimal,optimal,optimal,optimal,optimal,optimal,optimal,optimal,optimal,optimal,optimal,optimal,optimal,optimal,optimal,optimal,optimal,optimal,optimal,optimal,optimal
miplib_relax,neos-1354092,13702.0,16837.0,200889.0,0.0,3.26,3.9,0.6,0.8,0.71,300.01,300.02,2.9,3.84,3.04,6.6,8.11,8.7,1.55,1.69,2.7,2.2,1.96,1.55,1.64,1.93,0.39,0.49,0.45,0.87,0.54,0.58,optimal,optimal,optimal_inaccurate,optimal_inaccurate,optimal_inaccurate,time_limit,time_limit,optimal,optimal,optimal,optimal,optimal,optimal,optimal,optimal,optimal,optimal,optimal,optimal,optimal,optimal,optimal,optimal,optimal,optimal,optimal,optimal
miplib_relax,neos-1445765,20617.0,22764.0,60847.0,0.0,5.89,7.07,,0.58,,0.24,0.21,5.85,300.0,300.0,3.75,9.79,16.06,3.57,3.77,3.57,2.92,2.5,4.23,4.33,4.76,2.12,2.12,2.03,2.39,1.63,1.64,optimal,optimal,worker_error,optimal,worker_error,optimal,optimal,optimal,time_limit,time_limit,optimal,optimal,optimal,optimal,optimal,optimal,optimal,optimal,optimal,optimal,optimal,optimal,optimal,optimal,optimal,optimal,optimal
miplib_relax,neos-1456979,4605.0,11375.0,41045.0,0.0,0.13,0.18,0.37,0.55,0.39,0.1,0.09,3.56,5.55,5.79,0.62,0.68,0.79,0.1,0.11,2.04,1.8,1.2,0.39,0.44,0.45,0.29,0.37,0.32,0.85,0.51,0.54,optimal,optimal,optimal,optimal,optimal,optimal,optimal,optimal,optimal,optimal,optimal,optimal,optimal,optimal,optimal,optimal,optimal,optimal,optimal,optimal,optimal,optimal,optimal,optimal,optimal,optimal,optimal
miplib_relax,neos-1582420,10100.0,20280.0,34914.0,0.0,0.19,0.26,0.36,0.53,0.35,0.11,0.11,1.74,21.07,245.34,0.79,1.44,5.32,0.11,0.12,2.21,2.08,1.61,0.58,0.87,0.95,1.15,1.21,1.16,2.08,1.28,1.34,optimal,optimal,optimal,optimal,optimal,optimal,optimal,optimal,optimal,max_iter_reached,optimal_inaccurate,optimal,optimal,optimal,optimal,optimal,optimal,optimal,optimal,optimal,optimal,optimal,optimal,optimal,optimal,optimal,optimal
miplib_relax,neos-2075418-temuka,122304.0,471906.0,7732565.0,0.0,323.22,333.86,8.2,9.35,7.97,20.41,39.94,300.17,300.12,300.18,301.35,301.29,301.38,390.0,390.0,42.33,34.82,32.49,186.26,215.02,222.12,126.84,123.02,129.18,38.29,41.58,36.18,time_limit,time_limit,optimal_inaccurate,optimal_inaccurate,optimal_inaccurate,optimal,optimal,time_limit,time_limit,time_limit,time_limit,time_limit,time_limit,time_limit,time_limit,optimal,optimal,optimal,optimal,optimal,optimal,optimal,optimal,optimal,optimal,optimal,optimal
miplib_relax,neos-2657525-crna,524.0,866.0,2214.0,0.0,0.01,0.01,0.46,0.54,0.44,0.01,0.01,0.01,0.01,0.01,0.01,0.02,0.03,0.0,0.01,2.19,1.64,1.03,0.05,0.05,0.07,0.03,0.03,0.03,0.52,0.33,0.35,optimal,optimal,optimal_inaccurate,optimal_inaccurate,optimal_inaccurate,optimal,optimal,optimal,optimal,optimal,optimal,optimal,optimal,optimal,optimal,optimal,optimal,optimal,optimal,optimal,optimal,optimal,optimal,optimal,optimal,optimal,optimal
miplib_relax,neos-2746589-doon,50936.0,82462.0,322004.0,0.0,1.89,2.56,0.83,1.08,0.89,2.5,3.33,5.5,166.86,121.16,177.98,239.36,300.12,0.67,0.7,4.44,3.73,3.33,2.85,3.39,3.77,4.27,50.61,300.5,5.0,32.09,180.54,optimal,optimal,optimal_inaccurate,optimal_inaccurate,optimal_inaccurate,optimal,optimal,optimal,optimal,optimal,optimal,optimal,time_limit,optimal,optimal,optimal,optimal,optimal,optimal,optimal,optimal,optimal,optimal_inaccurate,optimal_inaccurate,optimal,optimal,optimal_inaccurate
miplib_relax,neos-2978193-inde,20800.0,21196.0,62400.0,0.0,0.19,0.27,0.42,0.54,0.4,0.15,0.16,0.28,0.58,0.47,0.84,1.03,1.07,0.13,0.15,2.51,2.04,1.39,0.74,0.79,0.82,0.63,0.66,0.67,1.21,0.74,0.78,optimal,optimal,optimal_inaccurate,optimal_inaccurate,optimal,optimal,optimal,optimal,optimal,optimal,optimal,optimal,optimal,optimal,optimal,optimal,optimal,optimal,optimal,optimal,optimal,optimal,optimal,optimal,optimal,optimal,optimal
miplib_relax,neos-2987310-joes,27837.0,56852.0,608128.0,0.0,130.94,100.58,1.78,1.75,1.76,2.05,1.93,300.02,300.02,300.02,300.1,300.12,300.11,19.96,24.25,5.29,5.67,6.1,9.21,17.09,23.47,79.51,276.2,301.66,5.59,7.88,301.59,optimal,optimal,optimal,optimal,optimal,optimal,optimal,optimal,time_limit,time_limit,time_limit,time_limit,time_limit,optimal,optimal,optimal,optimal,optimal,optimal,optimal,optimal,optimal,optimal,optimal,optimal,optimal,optimal
miplib_relax,neos-3004026-krka,17030.0,29575.0,58890.0,0.0,0.11,0.16,0.33,0.45,0.35,0.27,0.23,0.06,0.08,0.08,0.12,0.1,0.13,0.08,0.09,1.94,1.92,1.46,0.62,0.66,0.85,0.2,0.29,0.24,0.71,0.44,0.47,optimal,optimal,optimal_inaccurate,optimal_inaccurate,optimal_inaccurate,optimal,optimal,optimal,optimal,optimal,optimal,optimal,optimal,optimal,optimal,optimal,optimal,optimal,optimal,optimal,optimal,optimal,optimal,optimal,optimal,optimal,optimal
miplib_relax,neos-3024952-loue,3255.0,6960.0,20565.0,0.0,1.27,1.43,0.64,0.91,0.66,0.26,0.3,0.38,1.15,1.14,0.63,0.73,0.88,0.23,0.24,1.96,1.82,1.31,0.38,0.45,0.45,0.51,0.51,0.51,1.08,0.67,0.71,optimal,optimal,optimal_inaccurate,optimal_inaccurate,optimal_inaccurate,optimal,optimal,optimal,optimal,optimal,optimal,optimal,optimal,optimal,optimal,optimal,optimal,optimal,optimal,optimal,optimal,optimal,optimal,optimal,optimal,optimal,optimal
miplib_relax,neos-3046615-murg,274.0,770.0,1538.0,0.0,0.0,0.0,0.36,0.49,0.35,0.01,0.01,0.0,0.0,0.0,0.01,0.02,0.02,0.0,0.0,1.58,1.51,1.0,0.04,0.04,0.04,0.02,0.02,0.02,0.6,0.33,0.36,optimal,optimal,optimal,optimal,optimal,optimal,optimal,optimal,optimal,optimal,optimal,optimal,optimal,optimal,optimal,optimal,optimal,optimal,optimal,optimal,optimal,optimal,optimal,optimal,optimal,optimal,optimal
miplib_relax,neos-3083819-nubu,8644.0,13369.0,32692.0,0.0,0.16,0.21,0.32,0.49,0.36,0.07,0.07,3.62,7.07,222.65,2.85,12.42,31.25,0.07,0.07,2.06,1.84,1.4,0.52,0.6,0.59,0.63,0.68,0.68,1.45,0.99,0.98,optimal,optimal,optimal,optimal,optimal,optimal,optimal,optimal,optimal,max_iter_reached,optimal_inaccurate,optimal,optimal,optimal,optimal,optimal,optimal,optimal,optimal,optimal,optimal,optimal,optimal,optimal,optimal,optimal,optimal
miplib_relax,neos-3216931-puriri,3555.0,9544.0,95246.0,0.0,23.33,26.34,0.76,1.19,1.3,3.91,5.03,7.5,123.77,300.0,2.1,4.48,4.91,4.98,5.36,2.38,2.39,2.01,1.65,2.46,3.54,1.54,2.42,300.22,1.64,1.68,300.44,optimal,optimal,optimal_inaccurate,optimal_inaccurate,optimal_inaccurate,optimal,optimal,optimal,optimal,time_limit,optimal,optimal,optimal,optimal,optimal,optimal,optimal,optimal,optimal,optimal,optimal,optimal,optimal,optimal,optimal,optimal,optimal
miplib_relax,neos-3381206-awhea,2375.0,2854.0,6650.0,0.0,0.02,0.02,0.33,0.47,0.32,0.03,0.03,0.01,0.01,0.01,0.02,0.02,0.03,0.01,0.01,1.69,1.57,0.96,0.1,0.1,0.11,0.03,0.04,0.04,0.68,0.31,0.3,optimal,optimal,optimal,optimal,optimal,optimal,optimal,optimal,optimal,optimal,optimal,optimal,optimal,optimal,optimal,optimal,optimal,optimal,optimal,optimal,optimal,optimal,optimal,optimal,optimal,optimal,optimal
miplib_relax,neos-3402294-bobin,2904.0,593980.0,2037792.0,0.0,11.53,15.99,1.03,1.33,1.08,1.72,1.8,202.22,300.07,300.05,4.31,9.42,7.57,8.76,8.9,12.5,10.09,8.62,11.21,13.48,14.15,12.59,13.54,15.6,16.81,10.8,10.98,optimal,optimal,optimal_inaccurate,optimal_inaccurate,optimal_inaccurate,optimal,optimal,optimal,time_limit,time_limit,optimal_inaccurate,optimal,optimal,optimal,optimal,optimal,optimal,optimal,optimal,optimal,optimal,optimal,optimal,optimal,optimal,optimal,optimal
miplib_relax,neos-3402454-bohle,2904.0,2900284.0,8956704.0,0.0,213.48,226.08,4.24,4.78,4.89,93.71,136.94,300.19,300.22,300.27,35.26,46.27,56.98,390.0,390.0,70.18,52.29,62.02,67.33,77.41,98.26,88.94,94.4,100.98,115.99,101.95,100.05,optimal,optimal,optimal_inaccurate,optimal_inaccurate,optimal_inaccurate,optimal,optimal,time_limit,time_limit,time_limit,optimal_inaccurate,optimal,optimal,time_limit,time_limit,optimal,optimal,optimal,optimal,optimal,optimal,optimal,optimal,optimal,optimal,optimal,optimal
miplib_relax,neos-3555904-turama,37461.0,183954.0,831066.0,0.0,285.15,264.15,0.65,1.02,0.71,1.35,2.08,15.72,69.5,99.13,16.81,25.88,19.85,4.34,4.6,6.88,5.49,5.31,7.76,8.62,8.36,3.79,4.44,4.95,3.55,2.81,2.9,optimal,optimal,optimal_inaccurate,optimal_inaccurate,optimal_inaccurate,optimal,optimal,optimal,optimal,optimal,optimal_inaccurate,optimal,optimal,optimal,optimal,optimal,optimal,optimal,optimal,optimal,optimal,optimal,optimal,optimal,optimal,optimal,optimal
miplib_relax,neos-3627168-kasai,1462.0,3114.0,6617.0,0.0,0.02,0.02,0.85,1.08,0.83,0.03,0.03,0.05,0.05,0.05,0.39,0.34,0.34,0.02,0.02,1.68,1.58,1.1,0.09,0.11,0.12,0.08,0.09,0.08,0.68,0.38,0.42,optimal_inaccurate,optimal,optimal,optimal,optimal,optimal,optimal,optimal,optimal,optimal,optimal,optimal,optimal,optimal,optimal,optimal_inaccurate,optimal,optimal,optimal_inaccurate,optimal,optimal,optimal,optimal,optimal,optimal,optimal,optimal
miplib_relax,neos-3656078-kumeu,14870.0,31937.0,73573.0,0.0,5.72,7.75,0.82,1.09,0.87,0.4,0.33,300.0,300.0,300.0,300.06,300.05,300.06,1.12,1.16,3.1,2.74,2.45,2.8,2.97,3.27,25.67,31.5,84.78,19.09,16.45,17.01,optimal,optimal,optimal,optimal,optimal,optimal,optimal,time_limit,time_limit,time_limit,time_limit,time_limit,time_limit,optimal,optimal,optimal_inaccurate,optimal,optimal,optimal_inaccurate,optimal,optimal,optimal,optimal,optimal,optimal,optimal,optimal
miplib_relax,neos-3754224-navua,150228.0,245406.0,665993.0,0.0,237.82,304.39,7.11,300.45,300.3,300.06,226.23,300.02,300.03,300.01,300.46,300.33,300.42,390.0,390.0,,,,,,,4.54,5.36,302.22,5.36,3.69,302.23,optimal,optimal,optimal_inaccurate,time_limit,time_limit,time_limit,solver_error,time_limit,time_limit,time_limit,time_limit,time_limit,time_limit,time_limit,time_limit,,,,,,,optimal,optimal,optimal,optimal,optimal,optimal
miplib_relax,neos-3754480-nidda,253.0,655.0,1741.0,0.0,0.0,0.0,0.33,0.46,0.3,0.01,0.01,8.67,10.31,8.62,0.47,0.8,0.92,0.0,0.0,1.69,1.5,1.05,0.04,0.05,0.05,0.03,0.03,0.04,0.64,0.36,0.44,optimal,optimal,optimal,optimal,optimal,optimal,optimal,max_iter_reached,max_iter_reached,max_iter_reached,optimal,optimal,optimal,optimal,optimal,optimal,optimal,optimal,optimal,optimal,optimal,optimal,optimal,optimal,optimal,optimal,optimal
miplib_relax,neos-3988577-wolgan,25870.0,70532.0,376220.0,0.0,0.78,1.05,0.72,0.96,0.77,282.64,300.02,6.2,63.8,81.21,4.29,8.1,7.82,0.58,0.6,3.51,3.08,2.8,2.86,3.01,3.07,1.26,1.37,1.97,1.56,1.03,1.18,optimal,optimal,optimal_inaccurate,optimal_inaccurate,optimal_inaccurate,optimal,time_limit,optimal,optimal,optimal,optimal,optimal,optimal,optimal,optimal,optimal,optimal,optimal,optimal,optimal,optimal,optimal,optimal,optimal,optimal,optimal,optimal
miplib_relax,neos-4300652-rahue,33003.0,109995.0,216619.0,0.0,0.59,0.8,0.52,0.84,0.57,1.05,0.99,0.42,0.66,0.67,0.65,0.69,0.8,0.69,0.65,3.46,3.19,2.42,2.75,2.87,3.16,1.12,1.39,1.64,1.93,1.56,1.61,optimal,optimal,optimal_inaccurate,optimal_inaccurate,optimal_inaccurate,optimal,optimal,optimal,optimal,optimal,optimal,optimal,optimal,optimal,optimal,optimal,optimal,optimal,optimal,optimal,optimal,optimal,optimal,optimal,optimal,optimal,optimal
miplib_relax,neos-4338804-snowy,1344.0,3045.0,7686.0,0.0,0.02,0.02,0.31,0.48,0.31,0.02,0.02,0.01,0.01,0.01,0.02,0.02,0.03,0.01,0.01,1.54,1.55,1.05,0.09,0.1,0.09,0.09,0.11,0.11,0.6,0.36,0.41,optimal,optimal,optimal,optimal,optimal,optimal,optimal,optimal,optimal,optimal,optimal,optimal,optimal,optimal,optimal,optimal,optimal,optimal,optimal,optimal,optimal,optimal,optimal,optimal,optimal,optimal,optimal
miplib_relax,neos-4387871-tavua,4004.0,8558.0,27500.0,0.0,2.64,2.65,0.67,0.84,0.65,0.08,0.08,0.24,0.43,0.57,0.27,0.28,0.33,0.18,0.19,1.69,1.63,1.17,0.3,0.34,0.39,0.23,0.24,0.27,0.84,0.5,0.5,optimal,optimal,optimal,optimal,optimal,optimal,optimal,optimal,optimal,optimal,optimal,optimal,optimal,optimal,optimal,optimal,optimal,optimal,optimal,optimal,optimal,optimal,optimal,optimal,optimal,optimal,optimal
miplib_relax,neos-4413714-turia,190402.0,192704.0,952157.0,0.0,203.78,245.36,5.22,6.79,4.95,2.28,2.52,300.02,300.04,300.03,300.39,300.31,300.32,13.99,17.05,24.55,21.75,83.67,24.35,42.77,174.74,36.47,301.78,301.69,105.97,301.86,301.82,optimal,optimal,optimal_inaccurate,optimal_inaccurate,optimal_inaccurate,optimal,optimal,time_limit,time_limit,time_limit,time_limit,time_limit,time_limit,optimal,optimal,optimal,optimal,optimal,optimal,optimal,optimal,optimal_inaccurate,optimal_inaccurate,optimal_inaccurate,optimal_inaccurate,optimal_inaccurate,optimal_inaccurate
miplib_relax,neos-4532248-waihi,86842.0,254164.0,612181.0,0.0,22.37,26.59,1.32,2.16,1.28,1.43,1.4,9.93,18.89,15.16,9.33,11.24,10.24,4.11,4.57,8.58,6.8,5.91,7.53,8.46,9.0,5.5,6.18,6.23,7.08,4.0,4.5,optimal,optimal,optimal_inaccurate,optimal_inaccurate,optimal_inaccurate,optimal,optimal,optimal,optimal,optimal,optimal,optimal,optimal,optimal,optimal,optimal,optimal,optimal,optimal,optimal,optimal,optimal,optimal,optimal,optimal,optimal,optimal
miplib_relax,neos-4647030-tutaki,12600.0,20982.0,3965988.0,0.0,22.6,28.89,2.37,2.61,2.41,4.76,4.36,300.03,300.05,300.04,61.11,59.29,65.37,94.67,75.65,8.59,8.2,7.63,86.1,101.44,102.59,40.13,40.22,41.52,5.94,5.0,5.0,optimal,optimal,optimal_inaccurate,optimal_inaccurate,optimal_inaccurate,optimal,optimal,time_limit,time_limit,time_limit,optimal,optimal,optimal,optimal,optimal,optimal,optimal,optimal,optimal,optimal,optimal,optimal,optimal,optimal,optimal,optimal,optimal
miplib_relax,neos-4722843-widden,77723.0,191276.0,389250.0,0.0,3.34,4.25,1.11,1.65,1.4,1.97,2.25,300.01,300.02,300.02,24.04,34.05,30.64,1.24,1.33,9.94,7.07,6.74,8.73,9.77,10.05,4.33,6.54,15.49,5.89,4.89,10.65,optimal,optimal,optimal_inaccurate,optimal_inaccurate,optimal_inaccurate,optimal,optimal,time_limit,time_limit,time_limit,optimal,optimal,optimal,optimal,optimal,optimal,optimal,optimal,optimal,optimal,optimal,optimal,optimal,optimal,optimal,optimal,optimal
miplib_relax,neos-4738912-atrato,6216.0,8163.0,25737.0,0.0,0.14,0.2,0.51,0.69,0.49,0.07,0.08,14.92,40.41,58.37,3.49,7.65,16.21,0.07,0.07,2.05,1.91,1.38,0.45,0.59,0.63,0.96,1.03,1.0,2.04,1.35,1.45,optimal,optimal,optimal,optimal,optimal,optimal,optimal,optimal,optimal,optimal,optimal,optimal,optimal,optimal,optimal,optimal,optimal,optimal,optimal,optimal,optimal,optimal,optimal,optimal,optimal,optimal,optimal
miplib_relax,neos-4763324-toguru,53593.0,160547.0,320398.0,0.0,6.11,8.41,9.24,11.36,9.29,5.91,6.22,188.99,300.02,300.02,300.19,300.18,300.25,4.46,4.14,12.71,15.68,14.03,10.76,19.91,24.38,155.29,167.66,206.94,194.73,159.54,152.34,optimal,optimal,optimal,optimal,optimal,optimal,optimal,optimal,time_limit,time_limit,time_limit,time_limit,time_limit,optimal,optimal,optimal,optimal,optimal,optimal,optimal,optimal,optimal,optimal,optimal,optimal,optimal,optimal
miplib_relax,neos-4954672-berkel,1533.0,3381.0,9540.0,0.0,0.18,0.24,0.38,0.54,0.37,0.02,0.02,0.14,0.38,3.6,0.06,0.08,0.1,0.08,0.08,1.87,1.63,1.08,0.14,0.15,0.16,0.09,0.11,0.1,0.75,0.41,0.42,optimal,optimal,optimal,optimal,optimal,optimal,optimal,optimal,optimal,optimal,optimal,optimal,optimal,optimal,optimal,optimal,optimal,optimal,optimal,optimal,optimal,optimal,optimal,optimal,optimal,optimal,optimal
miplib_relax,neos-5049753-cuanza,242736.0,564984.0,1683408.0,0.0,157.13,184.45,2.99,4.79,2.72,43.94,50.91,206.55,300.1,341.28,12.84,18.77,15.32,390.0,390.0,56.5,51.28,52.71,390.0,390.0,390.0,251.7,281.41,293.93,53.72,45.86,46.39,optimal,optimal,optimal_inaccurate,optimal_inaccurate,optimal_inaccurate,optimal,optimal,optimal,optimal,time_limit,optimal_inaccurate,optimal,optimal,time_limit,time_limit,optimal,optimal,optimal,time_limit,time_limit,time_limit,optimal,optimal,optimal,optimal,optimal,optimal
miplib_relax,neos-5052403-cygnet,32868.0,71136.0,4931172.0,0.0,340.32,320.52,,3.5,4.51,300.16,300.14,300.04,300.14,300.09,129.3,276.23,300.6,192.22,206.85,10.11,9.61,9.14,58.5,95.04,110.06,88.86,104.12,113.62,13.77,12.37,12.98,time_limit,time_limit,worker_error,optimal_inaccurate,optimal_inaccurate,time_limit,time_limit,optimal,time_limit,time_limit,optimal_inaccurate,optimal,time_limit,optimal,optimal,optimal,optimal,optimal,optimal,optimal,optimal,optimal,optimal,optimal,optimal,optimal,optimal
miplib_relax,neos-5075914-elvire,5003.0,8265.0,15985.0,0.0,0.08,0.1,0.46,0.6,0.47,0.06,0.07,4.92,9.34,7.98,0.78,0.81,0.97,0.04,0.05,,,,,,,0.24,0.25,0.28,0.78,0.59,0.67,optimal,optimal,optimal,optimal,optimal,optimal,optimal,optimal,optimal,optimal,optimal,optimal,optimal,optimal,optimal,,,,,,,optimal,optimal,optimal,optimal,optimal,optimal
miplib_relax,neos-5093327-huahum,40640.0,92480.0,825408.0,0.0,92.86,83.88,0.59,0.88,0.59,0.79,0.88,319.42,316.65,382.01,37.93,47.39,51.12,390.0,390.0,5.33,4.94,4.08,11.09,14.43,15.7,45.18,43.93,54.05,19.59,16.76,17.99,optimal,optimal,optimal,optimal,optimal,optimal,optimal,time_limit,time_limit,time_limit,optimal,optimal,optimal,time_limit,time_limit,optimal,optimal,optimal,optimal,optimal,optimal,optimal,optimal,optimal,optimal,optimal,optimal
miplib_relax,neos-5104907-jarama,345856.0,835674.0,2399404.0,0.0,319.11,320.28,2.95,6.11,8.22,83.56,170.77,300.14,346.64,300.23,178.37,301.3,301.54,390.0,390.0,86.1,101.89,117.24,390.0,390.0,390.0,363.3,338.26,354.73,144.33,287.82,310.78,time_limit,time_limit,optimal_inaccurate,optimal_inaccurate,optimal_inaccurate,optimal,optimal,time_limit,time_limit,time_limit,optimal_inaccurate,time_limit,time_limit,time_limit,time_limit,optimal,optimal,optimal,time_limit,time_limit,time_limit,optimal_inaccurate,optimal_inaccurate,optimal_inaccurate,optimal,optimal,optimal
miplib_relax,neos-5107597-kakapo,3114.0,9612.0,22506.0,0.0,0.04,0.06,0.76,0.98,0.77,0.13,0.15,0.07,0.09,0.08,0.09,0.09,0.11,390.0,140.87,1.66,1.7,1.47,0.19,0.24,0.7,0.12,0.12,0.15,0.64,0.36,0.37,optimal,optimal,optimal,optimal,optimal,optimal,optimal,optimal,optimal,optimal,optimal,optimal,optimal,time_limit,optimal,optimal,optimal,optimal,optimal,optimal,optimal,optimal,optimal,optimal,optimal,optimal,optimal
miplib_relax,neos-5114902-kasavu,710164.0,1671334.0,4950540.0,0.0,325.73,323.78,3.73,3.82,3.78,168.48,254.88,300.26,300.21,300.15,60.61,72.13,86.79,390.0,390.0,175.2,145.55,144.65,390.0,390.0,390.0,390.0,390.0,390.0,173.28,153.14,158.38,time_limit,time_limit,optimal_inaccurate,optimal_inaccurate,optimal_inaccurate,optimal,optimal,time_limit,time_limit,time_limit,optimal_inaccurate,optimal_inaccurate,optimal,time_limit,time_limit,optimal,optimal,optimal,time_limit,time_limit,time_limit,time_limit,time_limit,time_limit,optimal,optimal,optimal
miplib_relax,neos-5188808-nattai,14544.0,43996.0,148230.0,0.0,4.03,4.06,0.53,0.67,0.52,0.47,0.49,0.53,0.74,0.67,0.33,0.34,0.42,0.98,1.03,2.23,2.15,1.47,1.22,1.26,1.29,0.86,0.76,0.85,1.21,0.77,0.76,optimal,optimal,optimal_inaccurate,optimal_inaccurate,optimal,optimal,optimal,optimal,optimal,optimal,optimal,optimal,optimal,optimal,optimal,optimal,optimal,optimal,optimal,optimal,optimal,optimal,optimal,optimal,optimal,optimal,optimal
miplib_relax,neos-5195221-niemur,14546.0,56802.0,191132.0,0.0,15.9,13.48,0.4,0.61,0.49,0.67,0.62,1.15,2.31,2.48,0.48,0.49,0.55,5.1,5.55,2.5,2.44,2.07,1.79,1.8,2.43,1.47,1.45,1.59,1.51,1.04,1.03,optimal,optimal,optimal_inaccurate,optimal_inaccurate,optimal_inaccurate,optimal,optimal,optimal,optimal,optimal,optimal,optimal,optimal,optimal,optimal,optimal,optimal,optimal,optimal,optimal,optimal,optimal,optimal,optimal,optimal,optimal,optimal
miplib_relax,neos-631710,167056.0,336632.0,1001222.0,0.0,3.41,4.59,1.66,3.04,1.63,23.7,23.34,29.96,83.88,115.16,76.55,95.85,77.01,2.8,2.98,8.48,6.92,5.94,9.2,9.1,10.08,11.7,12.13,10.71,11.52,7.25,7.18,optimal,optimal,optimal,optimal,optimal,optimal,optimal,optimal,optimal,optimal,optimal,optimal,optimal,optimal,optimal,optimal,optimal,optimal,optimal,optimal,optimal,optimal,optimal,optimal,optimal,optimal,optimal
miplib_relax,neos-662469,18235.0,19320.0,218290.0,0.0,1.38,2.22,0.89,1.29,1.04,1.12,0.82,3.19,6.31,13.15,16.99,28.3,47.19,0.72,0.74,2.91,3.09,2.4,1.85,2.29,2.64,3.16,6.25,6.78,3.8,4.68,5.34,optimal,optimal,optimal_inaccurate,optimal_inaccurate,optimal_inaccurate,optimal,optimal,optimal,optimal,optimal,optimal,optimal,optimal,optimal,optimal,optimal,optimal,optimal,optimal,optimal,optimal,optimal,optimal,optimal,optimal,optimal,optimal
miplib_relax,neos-787933,236376.0,238273.0,534696.0,0.0,1.96,2.62,0.43,0.59,0.5,0.5,0.54,1.37,2.73,2.15,5.39,7.31,6.21,1.48,1.52,11.05,8.88,6.73,12.24,9.91,12.37,5.11,4.48,5.04,6.38,3.9,3.76,optimal,optimal,optimal,optimal,optimal,optimal,optimal,optimal,optimal,optimal,optimal,optimal,optimal,optimal,optimal,optimal,optimal,optimal,optimal,optimal,optimal,optimal,optimal,optimal,optimal,optimal,optimal
miplib_relax,neos-827175,32504.0,46691.0,143294.0,0.0,6.08,9.05,0.58,0.89,0.63,0.67,0.58,300.03,300.01,300.01,4.97,5.5,12.65,2.12,2.12,3.02,3.16,2.53,1.91,2.67,3.0,2.75,4.86,35.05,2.45,2.08,14.73,optimal,optimal,optimal,optimal,optimal,optimal,optimal,optimal,time_limit,time_limit,optimal,optimal,optimal,optimal,optimal,optimal,optimal,optimal,optimal,optimal,optimal,optimal,optimal,optimal,optimal,optimal,optimal
miplib_relax,neos-848589,550539.0,552023.0,1651617.0,0.0,96.16,118.39,1.64,2.02,1.54,2.12,2.19,300.05,300.1,300.1,301.18,301.03,301.18,17.68,16.88,11.69,30.11,23.83,12.55,36.32,41.44,15.99,28.79,54.84,19.28,24.76,41.54,optimal,optimal,optimal_inaccurate,optimal_inaccurate,optimal_inaccurate,optimal,optimal,time_limit,time_limit,time_limit,time_limit,time_limit,time_limit,optimal,optimal,optimal,optimal,optimal,optimal,optimal,optimal,optimal,optimal,optimal,optimal,optimal,optimal
miplib_relax,neos-860300,1385.0,2235.0,385714.0,0.0,7.66,10.71,0.35,0.51,0.34,0.28,0.3,113.16,203.4,300.01,13.12,64.87,85.02,6.09,6.08,1.97,1.96,1.31,2.09,2.67,2.85,2.35,2.37,2.4,1.42,1.07,1.18,optimal,optimal,optimal,optimal,optimal,optimal,optimal,optimal,optimal,time_limit,optimal,optimal,optimal,optimal,optimal,optimal,optimal,optimal,optimal,optimal,optimal,optimal,optimal,optimal,optimal,optimal,optimal
miplib_relax,neos-873061,175288.0,268648.0,525864.0,0.0,50.2,62.07,1.32,1.69,1.44,2.0,2.06,170.01,192.56,300.03,12.5,229.91,300.44,8.5,8.61,10.37,12.15,10.56,15.55,21.47,23.49,49.45,41.95,53.18,36.24,24.72,24.23,optimal,optimal,optimal_inaccurate,optimal_inaccurate,optimal_inaccurate,optimal,optimal,optimal,optimal,time_limit,optimal,optimal,time_limit,optimal,optimal,optimal,optimal,optimal,optimal,optimal,optimal,optimal,optimal,optimal,optimal,optimal,optimal
miplib_relax,neos-911970,888.0,995.0,4296.0,0.0,0.01,0.01,0.33,0.54,0.3,0.01,0.01,0.01,0.01,0.01,0.02,0.02,0.03,0.01,0.01,1.56,1.55,0.99,0.05,0.06,0.06,0.02,0.03,0.03,0.53,0.34,0.33,optimal,optimal,optimal,optimal,optimal,optimal,optimal,optimal,optimal,optimal,optimal,optimal,optimal,optimal,optimal,optimal,optimal,optimal,optimal,optimal,optimal,optimal,optimal,optimal,optimal,optimal,optimal
miplib_relax,neos-933966,31762.0,43809.0,212380.0,0.0,16.77,15.83,0.41,0.56,0.45,12.06,5.86,38.01,67.44,125.01,1.2,1.38,1.47,230.8,205.72,3.42,3.19,2.4,3.28,3.16,3.4,2.59,1.89,2.69,2.24,1.73,1.71,optimal,optimal,optimal_inaccurate,optimal_inaccurate,optimal_inaccurate,optimal,optimal,optimal,optimal,optimal,optimal,optimal,optimal,optimal,optimal,optimal,optimal,optimal,optimal,optimal,optimal,optimal,optimal,optimal,optimal,optimal,optimal
miplib_relax,neos-950242,5760.0,39984.0,109920.0,0.0,8.7,8.05,0.41,0.59,0.47,0.29,0.28,0.52,0.65,0.99,0.52,0.55,0.67,1.51,1.57,2.3,2.26,1.93,2.16,2.01,2.35,0.92,0.86,0.84,1.21,0.86,0.83,optimal,optimal,optimal,optimal,optimal,optimal,optimal,optimal,optimal,optimal,optimal,optimal,optimal,optimal,optimal,optimal,optimal,optimal,optimal,optimal,optimal,optimal,optimal,optimal,optimal,optimal,optimal
miplib_relax,neos-957323,57756.0,61513.0,557412.0,0.0,11.15,19.37,0.51,0.85,0.76,10.14,18.71,25.37,79.14,221.57,3.53,5.97,18.17,2.4,2.46,4.5,5.76,5.67,3.68,5.58,7.26,36.7,44.24,77.44,31.87,30.16,37.21,optimal,optimal,optimal,optimal,optimal,optimal,optimal,optimal,optimal,optimal,optimal_inaccurate,optimal,optimal,optimal,optimal,optimal,optimal,optimal,optimal,optimal,optimal,optimal,optimal,optimal,optimal,optimal,optimal
miplib_relax,neos-960392,59376.0,64120.0,248879.0,0.0,0.89,1.13,0.72,0.98,0.79,3.0,3.32,4.03,4.41,17.11,1.9,3.8,3.82,0.84,0.91,3.63,3.42,2.62,3.18,3.23,3.62,4.38,7.37,45.71,2.7,4.77,24.81,optimal,optimal,optimal,optimal,optimal,optimal,optimal,optimal,optimal,optimal,optimal,optimal,optimal,optimal,optimal,optimal,optimal,optimal,optimal,optimal,optimal,optimal,optimal,optimal,optimal,optimal,optimal
miplib_relax,neos17,535.0,1021.0,5466.0,0.0,0.01,0.02,0.29,0.6,0.35,0.02,0.02,0.02,0.05,0.06,0.11,0.42,0.49,0.01,0.01,1.69,1.56,1.53,0.06,0.07,0.08,0.04,0.05,0.05,0.6,0.35,0.37,optimal,optimal,optimal,optimal,optimal,optimal,optimal,optimal,optimal,optimal,optimal,optimal,optimal,optimal,optimal,optimal,optimal,optimal,optimal,optimal,optimal,optimal,optimal,optimal,optimal,optimal,optimal
miplib_relax,neos5,63.0,126.0,2079.0,0.0,0.0,0.0,0.28,0.43,0.28,0.01,0.01,0.03,0.39,7.57,0.01,0.01,0.02,0.0,0.0,1.55,1.53,1.0,0.03,0.03,0.03,0.01,0.01,0.01,0.51,0.3,0.31,optimal,optimal,optimal,optimal,optimal,optimal,optimal,optimal,optimal,max_iter_reached,optimal,optimal,optimal,optimal,optimal,optimal,optimal,optimal,optimal,optimal,optimal,optimal,optimal,optimal,optimal,optimal,optimal
miplib_relax,neos8,23228.0,69552.0,336408.0,0.0,3.83,5.71,,0.95,0.73,0.5,0.48,8.1,14.57,48.55,6.57,9.68,12.0,1.31,1.31,7.11,5.09,4.33,7.42,6.88,7.63,6.57,7.16,7.43,4.85,4.4,3.07,optimal,optimal,worker_error,optimal,optimal,optimal,optimal,optimal,optimal,optimal,optimal,optimal,optimal,optimal,optimal,optimal,optimal,optimal,optimal,optimal,optimal,optimal,optimal,optimal,optimal,optimal,optimal
miplib_relax,neos859080,160.0,324.0,1440.0,0.0,0.0,0.0,0.31,0.46,0.31,0.01,0.01,0.0,0.0,0.0,0.01,0.01,0.01,0.0,0.0,1.58,1.52,0.93,0.03,0.03,0.03,0.01,0.01,0.01,0.53,0.34,0.29,optimal,optimal,optimal,optimal,optimal,optimal,optimal,optimal,optimal,optimal,optimal,optimal,optimal,optimal,optimal,optimal,optimal,optimal,optimal,optimal,optimal,optimal,optimal,optimal,optimal,optimal,optimal
miplib_relax,net12,14115.0,28136.0,94499.0,0.0,11.89,10.68,0.7,,0.78,0.6,0.48,17.87,300.01,300.01,2.17,5.2,7.22,14.78,15.44,2.88,2.73,2.09,3.73,3.84,3.93,2.96,2.84,3.16,2.25,1.67,1.5,optimal,optimal,optimal_inaccurate,worker_error,optimal_inaccurate,optimal,optimal,optimal,time_limit,time_limit,optimal,optimal,optimal,optimal,optimal,optimal,optimal,optimal,optimal,optimal,optimal,optimal,optimal,optimal,optimal,optimal,optimal
miplib_relax,netdiversion,129180.0,248769.0,744462.0,0.0,128.88,115.33,,1.44,1.36,10.47,8.31,300.02,300.03,300.02,97.24,132.1,219.46,16.89,17.88,12.37,11.35,183.74,19.83,22.94,390.0,223.8,302.35,302.59,64.06,205.98,232.74,optimal,optimal,worker_error,optimal_inaccurate,optimal_inaccurate,optimal,optimal,time_limit,time_limit,time_limit,optimal,optimal,optimal,optimal,optimal,optimal,optimal,optimal,optimal,optimal,time_limit,optimal,optimal,optimal,optimal,optimal,optimal
miplib_relax,nexp-150-20-8-5,20115.0,24735.0,62580.0,0.0,0.16,0.21,0.33,0.45,0.33,0.16,0.15,0.42,0.44,0.48,0.53,0.58,0.75,0.11,0.11,2.04,1.94,1.43,0.81,0.76,0.8,0.81,0.78,0.88,1.26,0.92,0.93,optimal,optimal,optimal,optimal,optimal,optimal,optimal,optimal,optimal,optimal,optimal,optimal,optimal,optimal,optimal,optimal,optimal,optimal,optimal,optimal,optimal,optimal,optimal,optimal,optimal,optimal,optimal
miplib_relax,ns1116954,12648.0,144639.0,423230.0,0.0,50.62,52.67,0.58,0.88,0.6,95.69,15.76,386.3,362.52,310.52,1.13,1.12,1.09,390.0,390.0,9.88,390.0,376.23,236.17,390.0,390.0,48.46,51.55,51.77,5.27,4.32,4.76,optimal,optimal,optimal,optimal,optimal,optimal,optimal,time_limit,time_limit,time_limit,optimal,optimal,optimal,time_limit,time_limit,optimal,time_limit,optimal,optimal,time_limit,time_limit,optimal,optimal,optimal,optimal,optimal,optimal
miplib_relax,ns1208400,2883.0,7169.0,84626.0,0.0,4.61,3.86,0.46,0.66,0.54,0.71,0.75,7.47,20.63,30.29,0.99,0.96,1.06,19.01,18.42,1.92,1.94,1.41,1.22,1.25,1.28,0.57,0.52,0.6,1.06,0.67,0.67,optimal,optimal,optimal_inaccurate,optimal_inaccurate,optimal_inaccurate,optimal,optimal,optimal,optimal,optimal,optimal,optimal,optimal,optimal,optimal,optimal,optimal,optimal,optimal,optimal,optimal,optimal,optimal,optimal,optimal,optimal,optimal
miplib_relax,ns1644855,30200.0,50698.0,2120696.0,0.0,318.76,320.81,5.6,6.36,6.71,300.08,300.07,361.51,390.0,390.0,130.06,187.8,197.8,390.0,390.0,29.72,37.05,37.44,390.0,390.0,390.0,390.0,390.0,390.0,9.74,8.41,8.48,time_limit,time_limit,optimal_inaccurate,optimal_inaccurate,optimal_inaccurate,time_limit,time_limit,time_limit,time_limit,time_limit,optimal,optimal,optimal,time_limit,time_limit,optimal,optimal,optimal,time_limit,time_limit,time_limit,time_limit,time_limit,time_limit,optimal,optimal,optimal
miplib_relax,ns1760995,17956.0,633210.0,1871834.0,0.0,310.77,317.85,112.06,301.52,301.13,247.09,300.07,300.05,300.06,300.07,301.08,300.84,301.15,22.56,22.89,26.8,32.94,37.79,31.72,48.1,83.28,303.81,303.44,303.95,306.88,305.01,305.12,time_limit,time_limit,optimal_inaccurate,time_limit,time_limit,optimal,time_limit,time_limit,time_limit,time_limit,time_limit,time_limit,time_limit,optimal,optimal,optimal_inaccurate,optimal,optimal,optimal_inaccurate,optimal,optimal,optimal_inaccurate,optimal_inaccurate,optimal_inaccurate,optimal,optimal,optimal_inaccurate
miplib_relax,ns1830653,1629.0,4561.0,102562.0,0.0,2.26,2.05,0.74,0.96,0.7,0.27,0.27,5.79,14.04,47.8,1.65,1.59,1.76,2.68,2.84,1.91,1.98,1.28,1.7,1.66,1.91,3.43,2.35,3.28,1.93,2.84,1.92,optimal,optimal,optimal,optimal,optimal,optimal,optimal,optimal,optimal,optimal,optimal,optimal,optimal,optimal,optimal,optimal,optimal,optimal,optimal,optimal,optimal,optimal,optimal,optimal,optimal,optimal,optimal
miplib_relax,ns1952667,13264.0,13305.0,348907.0,0.0,0.34,0.39,0.57,0.78,0.58,0.94,0.94,0.17,0.17,0.16,3.2,3.13,3.45,0.25,0.23,1.9,1.95,1.44,0.65,0.69,1.11,0.19,0.2,0.23,0.78,0.45,0.46,optimal,optimal,optimal,optimal,optimal,optimal,optimal,optimal,optimal,optimal,optimal,optimal,optimal,optimal,optimal,optimal,optimal,optimal,optimal,optimal,optimal,optimal,optimal,optimal,optimal,optimal,optimal
miplib_relax,nu25-pr12,5868.0,8181.0,23580.0,0.0,0.16,0.23,0.35,0.53,0.43,0.06,0.06,1.37,3.26,4.67,0.54,0.85,0.88,0.06,0.06,1.94,1.8,1.45,0.46,0.49,0.55,0.72,1.04,0.75,1.59,0.83,0.93,optimal,optimal,optimal,optimal,optimal,optimal,optimal,optimal,optimal,optimal,optimal,optimal,optimal,optimal,optimal,optimal,optimal,optimal,optimal,optimal,optimal,optimal,optimal,optimal,optimal,optimal,optimal
miplib_relax,nursesched-medium-hint03,34248.0,48310.0,657048.0,0.0,16.72,19.38,0.61,0.94,0.78,8.43,7.35,77.89,300.01,300.01,38.68,39.09,69.08,3.48,3.59,4.12,3.75,5.37,5.14,5.09,6.38,5.97,4.51,6.83,3.64,2.41,2.56,optimal,optimal,optimal_inaccurate,optimal_inaccurate,optimal_inaccurate,optimal,optimal,optimal,time_limit,time_limit,optimal,optimal,optimal,optimal,optimal,optimal,optimal,optimal,optimal,optimal,optimal,optimal,optimal,optimal,optimal,optimal,optimal
miplib_relax,nursesched-sprint02,10250.0,13772.0,214250.0,0.0,4.77,5.23,,,0.5,0.44,0.38,28.59,300.0,300.01,3.81,4.93,5.74,390.0,390.0,2.7,2.11,1.63,1.67,1.78,1.87,1.29,1.17,1.32,1.54,0.96,1.01,optimal,optimal,worker_error,worker_error,optimal_inaccurate,optimal,optimal,optimal,time_limit,time_limit,optimal,optimal,optimal,time_limit,time_limit,optimal,optimal,optimal,optimal,optimal,optimal,optimal,optimal,optimal,optimal,optimal,optimal
miplib_relax,nw04,87482.0,87518.0,724148.0,0.0,2.87,3.8,0.74,1.0,0.71,1.12,1.09,82.12,99.96,300.01,105.14,275.64,300.19,11.77,11.32,6.93,5.52,5.0,6.14,6.89,7.09,5.53,5.46,6.31,5.51,3.59,3.91,optimal,optimal,optimal,optimal,optimal,optimal,optimal,optimal,optimal,optimal,optimal_inaccurate,optimal,time_limit,optimal,optimal,optimal,optimal,optimal,optimal,optimal,optimal,optimal,optimal,optimal,optimal,optimal,optimal
miplib_relax,opm2-z10-s4,6250.0,166883.0,377490.0,0.0,41.55,47.34,,1.31,1.28,47.25,49.86,298.66,300.01,300.02,6.16,10.35,24.52,258.91,235.25,8.27,7.31,7.25,123.61,131.78,176.59,307.45,304.23,306.01,302.26,301.58,301.81,optimal,optimal,worker_error,optimal_inaccurate,optimal_inaccurate,optimal,optimal,optimal,time_limit,time_limit,optimal_inaccurate,optimal,optimal,optimal,optimal,optimal,optimal,optimal,optimal,optimal,optimal,dual_infeasible_inaccurate,dual_infeasible_inaccurate,dual_infeasible_inaccurate,optimal_inaccurate,optimal_inaccurate,optimal_inaccurate
miplib_relax,p200x1188c,2376.0,3764.0,7128.0,0.0,0.03,0.04,0.62,0.73,0.64,0.02,0.02,0.06,0.1,0.09,0.34,0.41,0.6,0.02,0.01,1.68,1.79,1.14,0.15,0.17,0.16,0.11,0.09,0.11,0.64,0.39,0.39,optimal,optimal,optimal,optimal,optimal,optimal,optimal,optimal,optimal,optimal,optimal_inaccurate,optimal,optimal,optimal,optimal,optimal,optimal,optimal,optimal,optimal,optimal,optimal,optimal,optimal,optimal,optimal,optimal
miplib_relax,peg-solitaire-a3,4552.0,9139.0,32939.0,0.0,3.89,3.34,0.53,0.78,0.54,0.66,0.63,0.1,0.1,0.11,0.91,2.67,2.76,0.29,0.31,1.82,1.66,1.26,0.36,0.35,0.4,0.16,0.14,0.17,0.66,0.42,0.43,optimal,optimal,optimal,optimal,optimal,optimal,optimal,optimal,optimal,optimal,optimal,optimal,optimal,optimal,optimal,optimal,optimal,optimal,optimal,optimal,optimal,optimal,optimal,optimal,optimal,optimal,optimal
miplib_relax,pg,2700.0,2825.0,7900.0,0.0,0.03,0.04,0.32,0.43,0.31,0.02,0.02,0.04,0.07,0.1,0.2,0.29,0.33,0.02,0.02,1.64,1.8,1.05,0.12,0.13,0.15,0.13,0.11,0.13,0.67,0.4,0.43,optimal,optimal,optimal,optimal,optimal,optimal,optimal,optimal,optimal,optimal,optimal,optimal,optimal,optimal,optimal,optimal,optimal,optimal,optimal,optimal,optimal,optimal,optimal,optimal,optimal,optimal,optimal
miplib_relax,pg5_34,2600.0,2825.0,10300.0,0.0,0.03,0.04,0.3,0.51,0.33,0.02,0.02,0.08,0.24,3.47,0.07,0.15,0.26,0.01,0.02,1.6,1.66,1.08,0.12,0.13,0.14,0.11,0.1,0.15,0.64,0.38,0.42,optimal,optimal,optimal,optimal,optimal,optimal,optimal,optimal,optimal,optimal,optimal,optimal,optimal,optimal,optimal,optimal,optimal,optimal,optimal,optimal,optimal,optimal,optimal,optimal,optimal,optimal,optimal
miplib_relax,physiciansched3-3,79555.0,345781.0,1142033.0,0.0,316.2,312.92,12.07,18.57,18.37,300.04,300.05,325.23,359.16,390.0,300.61,300.58,300.57,390.0,390.0,48.89,67.81,67.72,390.0,390.0,390.0,312.62,310.37,312.48,305.77,304.15,304.2,time_limit,time_limit,optimal_inaccurate,optimal_inaccurate,optimal_inaccurate,time_limit,time_limit,time_limit,time_limit,time_limit,time_limit,time_limit,time_limit,time_limit,time_limit,optimal_inaccurate,optimal,optimal,time_limit,time_limit,time_limit,primal_infeasible_inaccurate,primal_infeasible_inaccurate,primal_infeasible_inaccurate,optimal_inaccurate,optimal_inaccurate,optimal_inaccurate
miplib_relax,physiciansched6-2,111827.0,280162.0,592085.0,0.0,10.59,9.92,,1.06,,4.6,8.7,300.02,302.72,300.05,300.46,300.39,300.44,51.87,48.75,14.55,14.72,23.79,23.89,35.54,80.95,21.35,302.18,302.35,23.76,302.54,302.55,solver_error,solver_error,worker_error,optimal_inaccurate,worker_error,optimal,optimal,time_limit,time_limit,time_limit,time_limit,time_limit,time_limit,optimal,optimal,optimal,optimal,optimal,optimal,optimal,optimal,optimal,optimal,optimal,optimal,optimal,optimal
miplib_relax,piperout-08,10399.0,24988.0,55358.0,0.0,0.46,0.64,0.67,0.82,0.64,0.22,0.24,300.0,300.0,300.0,0.16,300.03,300.04,0.2,0.21,2.19,2.34,7.85,0.82,1.22,8.42,2.31,6.01,300.2,5.09,1.95,13.6,optimal,optimal,optimal,optimal,optimal,optimal,optimal,time_limit,time_limit,time_limit,optimal,time_limit,time_limit,optimal,optimal,optimal,optimal,optimal,optimal,optimal,optimal,optimal,optimal,optimal,optimal,optimal,optimal
miplib_relax,piperout-27,11659.0,30101.0,66321.0,0.0,0.67,0.53,0.95,0.95,0.94,0.29,0.8,73.57,53.0,300.0,300.04,300.04,300.04,0.31,0.38,2.76,2.6,2.17,1.46,1.47,2.14,1.38,1.26,2.86,2.06,2.25,2.09,optimal,optimal,optimal,optimal,optimal,optimal,optimal,optimal,optimal,time_limit,time_limit,time_limit,time_limit,optimal,optimal,optimal,optimal,optimal,optimal,optimal,optimal,optimal,optimal,optimal,optimal,optimal,optimal
miplib_relax,pk1,86.0,131.0,1001.0,0.0,0.0,0.0,0.3,0.4,0.29,0.0,0.0,0.0,0.0,0.0,0.01,0.01,0.01,0.0,0.0,1.57,1.49,1.0,0.02,0.02,0.03,0.01,0.0,0.01,0.51,0.3,0.28,optimal,optimal,optimal,optimal,optimal,optimal,optimal,optimal,optimal,optimal,optimal,optimal,optimal,optimal,optimal,optimal,optimal,optimal,optimal,optimal,optimal,optimal,optimal,optimal,optimal,optimal,optimal
miplib_relax,proteindesign121hz512p9,159145.0,159446.0,788594.0,0.0,9.9,12.67,1.21,1.75,1.16,2.49,2.49,300.02,300.02,300.03,9.41,300.24,300.27,2.29,2.28,20.84,53.78,65.02,22.47,60.72,133.26,27.82,28.77,29.68,19.77,22.78,46.63,optimal,optimal,optimal_inaccurate,optimal,optimal_inaccurate,optimal,optimal,time_limit,time_limit,time_limit,optimal,time_limit,time_limit,optimal,optimal,optimal,optimal,optimal,optimal,optimal,optimal,optimal,optimal,optimal,optimal,optimal,optimal
miplib_relax,proteindesign122trx11p8,127326.0,127580.0,630753.0,0.0,10.88,15.6,1.14,1.35,1.08,1.64,1.65,47.34,47.66,92.25,300.27,300.19,300.23,1.68,1.73,7.93,26.83,47.16,7.14,34.87,83.87,9.75,18.48,12.11,12.69,9.91,11.45,optimal,optimal,optimal,optimal,optimal,optimal,optimal,primal_infeasible,primal_infeasible,primal_infeasible,time_limit,time_limit,time_limit,optimal,optimal,optimal,optimal,optimal,optimal,optimal,optimal,optimal,optimal,optimal,optimal,optimal,optimal
miplib_relax,qap10,4150.0,5970.0,22350.0,0.0,2.13,2.9,0.48,0.94,0.83,7.12,7.13,1.47,3.51,11.33,0.16,0.33,1.04,4.24,4.41,1.94,2.01,1.63,1.34,1.74,2.41,1.82,1.49,1.98,1.76,1.26,1.46,optimal,optimal,optimal_inaccurate,optimal_inaccurate,optimal_inaccurate,optimal,optimal,optimal,optimal,optimal,optimal,optimal,optimal,optimal,optimal,optimal,optimal,optimal,optimal,optimal,optimal,optimal,optimal,optimal,optimal,optimal,optimal
miplib_relax,radiationm18-12-05,40623.0,81558.0,136772.0,0.0,0.81,1.23,0.95,1.16,0.9,0.29,0.29,300.01,300.01,300.01,300.12,300.09,300.11,0.39,0.37,4.01,7.97,27.66,3.15,7.96,36.33,2.97,3.71,300.44,3.78,2.61,300.77,optimal,optimal,optimal,optimal,optimal,optimal,optimal,time_limit,time_limit,time_limit,time_limit,time_limit,time_limit,optimal,optimal,optimal,optimal,optimal,optimal,optimal,optimal,optimal,optimal,optimal,optimal,optimal,optimal
miplib_relax,radiationm40-10-02,172013.0,345616.0,578838.0,0.0,4.17,5.47,1.28,2.0,1.55,1.36,1.19,300.03,300.03,300.06,16.76,300.5,300.59,2.05,2.08,15.97,18.06,124.42,20.08,25.46,214.91,16.52,18.92,34.77,18.47,12.27,24.44,optimal,optimal,optimal_inaccurate,optimal_inaccurate,optimal_inaccurate,optimal,optimal,time_limit,time_limit,time_limit,optimal,time_limit,time_limit,optimal,optimal,optimal,optimal,optimal,optimal,optimal,optimal,optimal,optimal,optimal,optimal,optimal,optimal
miplib_relax,rail01,117527.0,164370.0,509613.0,0.0,159.17,191.57,4.83,7.44,8.17,300.04,93.85,300.03,300.04,300.04,288.94,300.21,300.25,331.87,281.12,19.54,18.36,23.08,50.62,70.68,93.56,54.23,43.62,73.8,25.49,16.49,15.86,optimal,optimal,optimal_inaccurate,optimal_inaccurate,optimal_inaccurate,time_limit,optimal,time_limit,time_limit,time_limit,optimal,time_limit,time_limit,optimal,optimal,optimal,optimal,optimal,optimal,optimal,optimal,optimal,optimal,optimal,optimal,optimal,optimal
miplib_relax,rail02,270869.0,366660.0,1027097.0,0.0,316.21,315.53,8.32,15.07,13.78,300.06,300.06,300.1,300.04,300.13,300.86,300.68,300.79,390.0,390.0,49.82,57.62,59.14,390.0,390.0,390.0,259.64,282.49,312.16,64.55,48.7,48.28,time_limit,time_limit,optimal_inaccurate,optimal_inaccurate,optimal_inaccurate,time_limit,time_limit,time_limit,time_limit,time_limit,time_limit,time_limit,time_limit,time_limit,time_limit,optimal,optimal,optimal,time_limit,time_limit,time_limit,optimal,optimal,optimal,optimal,optimal,optimal
miplib_relax,rail507,63019.0,63528.0,531897.0,0.0,3.64,5.11,0.61,1.06,1.17,5.03,3.94,111.38,121.09,168.62,17.13,58.49,224.01,2.15,2.18,6.72,5.76,33.8,5.77,6.0,48.14,8.09,11.02,12.55,5.99,6.02,6.81,optimal,optimal,optimal_inaccurate,optimal_inaccurate,optimal_inaccurate,optimal,optimal,optimal,optimal,optimal,optimal,optimal,optimal,optimal,optimal,optimal,optimal,optimal,optimal,optimal,optimal,optimal,optimal,optimal,optimal,optimal,optimal
miplib_relax,ran14x18-disj-8,504.0,951.0,10781.0,0.0,0.45,0.56,0.3,0.61,0.3,0.05,0.05,0.11,0.8,5.15,0.16,0.43,2.29,0.04,0.04,1.66,1.52,1.12,0.11,0.11,0.13,0.13,0.11,0.16,0.87,0.57,0.71,optimal,optimal,optimal,optimal,optimal,optimal,optimal,optimal,optimal,optimal,optimal,optimal,optimal,optimal,optimal,optimal,optimal,optimal,optimal,optimal,optimal,optimal,optimal,optimal,optimal,optimal,optimal
miplib_relax,rd-rplusc-21,622.0,126520.0,853005.0,0.0,1.11,1.53,0.76,1.68,0.77,0.89,0.88,300.01,300.01,300.01,8.24,15.08,20.11,1.26,1.27,4.04,3.34,29.15,12.62,11.95,14.77,310.13,83.68,310.15,107.33,98.65,301.27,optimal,optimal,optimal,optimal,optimal,optimal,optimal,time_limit,time_limit,time_limit,optimal,optimal,optimal,optimal,optimal,optimal,optimal,optimal,optimal,optimal,optimal,optimal_inaccurate,optimal,optimal_inaccurate,optimal,optimal,optimal_inaccurate
miplib_relax,reblock115,1150.0,5885.0,14874.0,0.0,0.55,0.73,0.41,1.69,0.41,0.12,0.12,204.94,206.58,213.62,0.14,0.14,0.15,0.13,0.13,1.76,1.7,1.3,0.27,0.28,0.33,0.27,0.27,0.27,1.09,0.72,0.74,optimal,optimal,optimal,optimal,optimal,optimal,optimal,max_iter_reached,max_iter_reached,max_iter_reached,optimal,optimal,optimal,optimal,optimal,optimal,optimal,optimal,optimal,optimal,optimal,optimal,optimal,optimal,optimal,optimal,optimal
miplib_relax,rmatr100-p10,7359.0,14619.0,29236.0,0.0,0.2,0.27,0.54,0.75,0.57,0.19,0.18,0.25,0.64,2.07,0.52,0.39,0.71,0.18,0.19,2.18,2.16,1.7,0.7,0.8,0.96,1.36,1.11,1.66,1.99,1.34,1.35,optimal,optimal,optimal,optimal,optimal,optimal,optimal,optimal,optimal,optimal,optimal,optimal,optimal,optimal,optimal,optimal,optimal,optimal,optimal,optimal,optimal,optimal,optimal,optimal,optimal,optimal,optimal
miplib_relax,rmatr200-p5,37816.0,75433.0,150864.0,0.0,2.35,3.43,,1.46,1.82,6.78,6.38,9.33,13.9,22.18,5.04,5.64,13.21,1.96,2.0,4.44,4.42,4.5,4.74,6.11,10.14,14.74,14.92,18.71,14.05,9.63,10.31,optimal,optimal,worker_error,optimal_inaccurate,optimal_inaccurate,optimal,optimal,optimal,optimal,optimal,optimal,optimal,optimal,optimal,optimal,optimal,optimal,optimal,optimal,optimal,optimal,optimal,optimal,optimal,optimal,optimal,optimal
miplib_relax,rocI-4-11,6839.0,17722.0,34222.0,0.0,0.1,0.15,0.66,0.87,0.67,0.11,0.11,0.07,0.07,0.11,0.09,0.1,0.1,0.06,0.07,1.76,1.71,1.29,0.36,0.37,0.53,22.71,20.01,22.92,15.67,23.87,9.02,optimal_inaccurate,optimal,optimal,optimal,optimal,optimal,optimal,optimal,optimal,optimal,optimal,optimal,optimal,optimal,optimal,optimal_inaccurate,optimal,optimal,optimal_inaccurate,optimal,optimal,dual_infeasible,dual_infeasible,dual_infeasible,dual_infeasible,dual_infeasible,dual_infeasible
miplib_relax,rocII-5-11,11523.0,38420.0,314814.0,0.0,1.12,1.53,0.47,0.74,0.47,0.44,0.37,30.25,300.01,300.01,3.62,6.3,11.55,0.41,0.44,3.41,2.92,2.6,2.8,2.8,3.79,1.49,1.42,1.6,1.81,1.28,1.36,optimal,optimal,optimal,optimal,optimal,optimal,optimal,optimal,time_limit,time_limit,optimal,optimal,optimal,optimal,optimal,optimal,optimal,optimal,optimal,optimal,optimal,optimal,optimal,optimal,optimal,optimal,optimal
miplib_relax,rococoB10-011000,4456.0,6123.0,20973.0,0.0,0.1,0.14,0.7,0.89,0.77,0.09,0.08,147.07,155.35,155.69,286.39,300.01,300.01,0.06,0.07,1.81,1.83,1.48,0.35,0.41,0.61,2.73,4.41,5.45,3.79,5.35,6.12,optimal,optimal,optimal,optimal,optimal,optimal,optimal,optimal,max_iter_reached,max_iter_reached,optimal,time_limit,time_limit,optimal,optimal,optimal,optimal,optimal,optimal,optimal,optimal,optimal,optimal,optimal,optimal,optimal,optimal
miplib_relax,rococoC10-001000,3117.0,4410.0,14868.0,0.0,0.13,0.11,0.42,0.47,0.45,0.04,0.04,161.81,123.29,138.92,81.13,260.16,275.06,0.06,0.08,1.85,1.69,1.16,0.31,0.32,0.38,1.31,4.57,6.47,1.66,8.99,8.59,optimal,optimal,optimal_inaccurate,optimal_inaccurate,optimal_inaccurate,optimal,optimal,max_iter_reached,max_iter_reached,max_iter_reached,optimal,optimal,optimal,optimal,optimal,optimal,optimal,optimal,optimal,optimal,optimal,optimal,optimal,optimal,optimal,optimal,optimal
miplib_relax,rococoC11-011100,6491.0,8858.0,36963.0,0.0,0.16,0.23,0.66,0.9,0.75,0.09,0.08,260.01,260.75,259.96,300.02,300.02,300.02,0.12,0.13,,,,,,,4.44,5.4,5.83,6.14,6.08,5.97,optimal,optimal,optimal,optimal,optimal,optimal,optimal,max_iter_reached,max_iter_reached,max_iter_reached,time_limit,time_limit,time_limit,optimal,optimal,,,,,,,optimal,optimal,optimal,optimal,optimal,optimal
miplib_relax,roi2alpha3n4,6816.0,8067.0,885628.0,0.0,35.12,22.93,,0.88,,1.61,1.51,23.33,262.04,300.01,29.43,55.04,70.05,8.13,7.94,3.02,2.84,2.28,5.27,5.73,7.62,3.4,3.59,3.34,2.04,1.44,1.4,optimal,optimal,worker_error,optimal,worker_error,optimal,optimal,optimal,optimal,time_limit,optimal,optimal,optimal,optimal,optimal,optimal,optimal,optimal,optimal,optimal,optimal,optimal,optimal,optimal,optimal,optimal,optimal
miplib_relax,roi5alpha10n8,106150.0,110815.0,2476374.0,0.0,129.61,93.93,0.95,1.41,,32.75,18.07,69.98,300.03,300.03,83.72,86.33,119.19,30.13,390.0,19.81,15.45,14.33,46.67,45.35,62.81,28.73,30.69,33.73,15.97,9.27,11.92,optimal,optimal,optimal_inaccurate,optimal_inaccurate,worker_error,optimal,optimal,optimal,time_limit,time_limit,optimal,optimal,optimal,optimal,time_limit,optimal,optimal,optimal,optimal,optimal,optimal,optimal,optimal,optimal,optimal,optimal,optimal
miplib_relax,roll3000,1166.0,3460.0,30551.0,0.0,15.32,9.85,,0.81,0.64,0.09,0.09,216.56,220.12,231.09,300.01,300.01,300.01,0.46,0.48,1.78,1.82,2.1,0.3,0.54,1.72,0.81,300.05,300.07,1.46,300.31,300.34,optimal,optimal,worker_error,optimal,optimal,optimal,optimal,optimal,max_iter_reached,max_iter_reached,time_limit,time_limit,time_limit,optimal,optimal,optimal,optimal,optimal,optimal,optimal,optimal,optimal,optimal,optimal,optimal,optimal,optimal
miplib_relax,s100,364417.0,379150.0,2142334.0,0.0,309.51,308.64,8.1,9.32,8.21,300.11,300.11,300.04,300.04,300.06,300.74,300.85,301.12,263.19,229.98,67.0,48.62,390.0,390.0,390.0,390.0,185.54,302.98,304.71,106.59,222.1,306.12,time_limit,time_limit,optimal,optimal,optimal,time_limit,time_limit,time_limit,time_limit,time_limit,time_limit,time_limit,time_limit,optimal_inaccurate,optimal_inaccurate,optimal,optimal,time_limit,time_limit,time_limit,time_limit,optimal_inaccurate,optimal,optimal,optimal_inaccurate,optimal,optimal
miplib_relax,s250r10,273142.0,284104.0,1591749.0,0.0,281.08,304.79,7.14,7.64,7.02,300.09,237.58,300.03,300.04,300.04,300.59,300.65,300.68,56.5,55.14,53.04,51.79,390.0,119.65,131.52,390.0,76.85,175.37,220.69,57.25,67.58,95.71,optimal,time_limit,optimal,optimal,optimal_inaccurate,time_limit,optimal,time_limit,time_limit,time_limit,time_limit,time_limit,time_limit,optimal_inaccurate,optimal_inaccurate,optimal,optimal,time_limit,optimal,optimal,time_limit,optimal,optimal,optimal,optimal,optimal,optimal
miplib_relax,satellites2-40,35378.0,55333.0,318085.0,0.0,30.75,35.92,1.31,2.05,1.85,20.19,14.31,300.02,307.24,300.02,53.7,58.84,200.56,308.01,262.61,5.93,5.47,5.51,41.21,39.87,51.44,304.07,302.07,303.61,108.05,301.01,301.03,optimal,optimal,optimal_inaccurate,optimal_inaccurate,optimal_inaccurate,optimal,optimal,time_limit,time_limit,time_limit,optimal,optimal,optimal,optimal,optimal,optimal,optimal,optimal,optimal,optimal,optimal,optimal_inaccurate,optimal_inaccurate,optimal_inaccurate,optimal_inaccurate,optimal_inaccurate,optimal_inaccurate
miplib_relax,satellites2-60-fs,35378.0,50933.0,159465.0,0.0,11.56,13.58,0.76,1.32,1.14,4.29,4.3,300.01,300.01,300.01,33.28,53.04,122.14,19.96,21.96,3.94,3.43,3.06,6.1,5.98,8.39,78.2,300.64,300.6,28.91,120.99,300.76,optimal,optimal,optimal_inaccurate,optimal_inaccurate,optimal_inaccurate,optimal,optimal,time_limit,time_limit,time_limit,optimal,optimal,optimal,optimal,optimal,optimal,optimal,optimal,optimal,optimal,optimal,optimal_inaccurate,optimal_inaccurate,optimal_inaccurate,optimal_inaccurate,optimal_inaccurate,optimal_inaccurate
miplib_relax,savsched1,328575.0,624564.0,2099082.0,0.0,316.6,283.83,1.76,3.77,2.45,300.1,300.1,300.03,300.05,300.07,48.48,36.95,47.67,52.77,46.27,35.05,28.17,26.79,68.34,66.68,92.63,62.17,305.78,307.66,34.47,123.31,97.84,time_limit,optimal,optimal_inaccurate,optimal_inaccurate,optimal_inaccurate,time_limit,time_limit,time_limit,time_limit,time_limit,optimal,optimal,optimal,optimal,optimal,optimal,optimal,optimal,optimal,optimal,optimal,optimal,optimal,optimal,optimal,optimal,optimal
miplib_relax,sct2,5885.0,7895.0,29387.0,0.0,0.14,0.21,0.46,0.64,0.47,0.24,0.3,19.76,30.02,180.14,8.0,10.81,12.4,0.1,0.1,2.27,2.01,1.46,0.5,0.53,0.69,0.44,0.43,0.45,1.12,0.89,0.67,optimal,optimal,optimal,optimal,optimal,optimal,optimal,optimal,optimal,max_iter_reached,optimal,optimal,optimal,optimal,optimal,optimal,optimal,optimal,optimal,optimal,optimal,optimal,optimal,optimal,optimal,optimal,optimal
miplib_relax,seymour,1372.0,6316.0,34921.0,0.0,8.5,5.19,0.55,0.88,0.65,0.56,0.56,1.13,8.27,300.0,0.21,0.45,1.16,0.21,0.22,1.91,1.76,1.22,0.32,0.34,0.43,0.65,0.65,0.79,1.22,1.0,1.08,optimal,optimal,optimal_inaccurate,optimal_inaccurate,optimal_inaccurate,optimal,optimal,optimal,optimal,optimal,optimal,optimal,optimal,optimal,optimal,optimal,optimal,optimal,optimal,optimal,optimal,optimal,optimal,optimal,optimal,optimal,optimal
miplib_relax,seymour1,1372.0,6316.0,34921.0,0.0,7.4,5.27,0.55,1.13,0.7,0.56,0.56,1.14,8.27,300.0,0.22,0.45,1.15,0.22,0.22,1.91,1.73,1.2,0.32,0.36,0.42,0.67,0.64,0.79,1.2,1.07,0.97,optimal,optimal,optimal_inaccurate,optimal_inaccurate,optimal_inaccurate,optimal,optimal,optimal,optimal,optimal,optimal,optimal,optimal,optimal,optimal,optimal,optimal,optimal,optimal,optimal,optimal,optimal,optimal,optimal,optimal,optimal,optimal
miplib_relax,sing326,55156.0,105937.0,323329.0,0.0,2.55,4.0,3.03,5.31,3.82,6.51,5.06,25.3,178.63,300.01,300.12,300.14,300.14,2.06,2.31,7.15,10.32,11.45,7.38,15.58,28.93,20.1,17.94,25.57,14.24,12.3,12.15,optimal,optimal,optimal_inaccurate,optimal_inaccurate,optimal_inaccurate,optimal,optimal,optimal,optimal,time_limit,time_limit,time_limit,time_limit,optimal,optimal,optimal,optimal,optimal,optimal,optimal,optimal,optimal,optimal,optimal,optimal,optimal,optimal
miplib_relax,sing44,59708.0,114453.0,340968.0,0.0,2.56,4.15,4.29,5.16,5.17,6.98,6.54,33.82,129.79,300.01,300.15,300.14,300.18,2.16,2.19,6.47,11.24,10.94,6.87,17.88,31.31,21.41,17.8,24.5,14.4,11.31,11.42,optimal,optimal,optimal_inaccurate,optimal_inaccurate,optimal_inaccurate,optimal,optimal,optimal,optimal,optimal,time_limit,time_limit,time_limit,optimal,optimal,optimal,optimal,optimal,optimal,optimal,optimal,optimal,optimal,optimal,optimal,optimal,optimal
miplib_relax,snp-02-004-104,228350.0,354862.0,692291.0,0.0,240.75,294.82,3.84,4.89,3.88,4.54,4.48,300.03,300.04,300.05,300.45,300.56,300.7,39.32,40.03,33.14,51.02,136.72,71.97,142.9,302.28,38.52,157.52,85.38,64.42,61.11,146.8,optimal,optimal,optimal_inaccurate,optimal_inaccurate,optimal_inaccurate,optimal,optimal,time_limit,time_limit,time_limit,time_limit,time_limit,time_limit,optimal,optimal,optimal,optimal,optimal,optimal,optimal,optimal,optimal,optimal,optimal,optimal,optimal,optimal
miplib_relax,sorrell3,1024.0,170186.0,339348.0,0.0,4.47,6.22,0.62,0.99,0.62,0.72,0.78,0.68,0.68,0.68,0.61,0.83,1.06,1.27,1.29,3.62,3.16,2.53,2.08,2.18,3.04,2.3,2.06,2.36,3.22,2.55,2.4,optimal,optimal,optimal,optimal,optimal,optimal,optimal,optimal,optimal,optimal,optimal,optimal,optimal,optimal,optimal,optimal,optimal,optimal,optimal,optimal,optimal,optimal,optimal,optimal,optimal,optimal,optimal
miplib_relax,sp150x300d,600.0,1050.0,1800.0,0.0,0.01,0.01,0.31,0.46,0.31,0.01,0.01,0.01,0.02,0.02,0.03,0.04,0.05,0.0,0.0,1.74,1.57,1.11,0.06,0.06,0.07,0.04,0.03,0.04,0.61,0.35,0.37,optimal,optimal,optimal_inaccurate,optimal_inaccurate,optimal_inaccurate,optimal,optimal,optimal,optimal,optimal,optimal,optimal,optimal,optimal,optimal,optimal,optimal,optimal,optimal,optimal,optimal,optimal,optimal,optimal,optimal,optimal,optimal
miplib_relax,sp97ar,14101.0,15862.0,305069.0,0.0,1.14,4.37,0.69,0.94,0.71,0.52,0.5,1.63,6.66,146.46,12.2,38.71,117.45,0.63,0.65,2.75,2.3,2.69,1.84,2.03,3.45,1.83,1.79,1.88,1.79,1.56,1.4,optimal,optimal,optimal,optimal,optimal,optimal,optimal,optimal,optimal,optimal,optimal,optimal,optimal,optimal,optimal,optimal,optimal,optimal,optimal,optimal,optimal,optimal,optimal,optimal,optimal,optimal,optimal
miplib_relax,sp98ar,15085.0,16520.0,441233.0,0.0,1.9,8.54,0.65,0.85,0.69,0.53,0.52,1.76,6.9,19.67,30.07,53.78,155.37,25.12,1.05,3.17,2.75,2.74,2.84,3.3,4.93,2.2,2.32,2.78,1.89,1.59,1.63,optimal,optimal,optimal,optimal,optimal,optimal,optimal,optimal,optimal,optimal,optimal,optimal,optimal,optimal,optimal,optimal,optimal,optimal,optimal,optimal,optimal,optimal,optimal,optimal,optimal,optimal,optimal
miplib_relax,splice1k1,3253.0,9758.0,1764269.0,0.0,24.15,39.59,1.98,2.26,2.1,10.29,9.8,300.01,300.01,300.39,102.06,99.1,140.39,17.03,13.98,2.95,2.6,2.25,12.33,17.39,25.82,45.91,62.12,90.8,6.69,6.4,8.45,optimal_inaccurate,optimal,optimal_inaccurate,optimal_inaccurate,optimal,optimal,optimal,time_limit,time_limit,time_limit,optimal,optimal,optimal,optimal,optimal,optimal,optimal,optimal,optimal,optimal,optimal,optimal,optimal,optimal,optimal,optimal,optimal
miplib_relax,square41,62234.0,102394.0,13628660.0,0.0,302.34,319.09,20.14,22.0,22.27,51.03,42.3,300.11,300.1,300.11,301.71,301.66,301.85,166.07,158.8,23.63,20.49,22.77,214.58,277.01,390.0,312.77,311.42,310.74,55.8,54.69,102.15,optimal,time_limit,optimal_inaccurate,optimal_inaccurate,optimal_inaccurate,optimal,optimal,time_limit,time_limit,time_limit,time_limit,time_limit,time_limit,optimal,optimal,optimal,optimal,optimal,optimal,optimal,time_limit,optimal_inaccurate,optimal_inaccurate,optimal,optimal,optimal,optimal
miplib_relax,square47,95030.0,156621.0,27424886.0,0.0,342.16,390.0,31.87,33.69,31.81,130.59,145.05,300.16,300.15,300.21,390.0,390.0,390.0,390.0,390.0,48.41,47.68,51.84,390.0,390.0,390.0,390.0,340.61,336.46,106.43,200.3,219.77,time_limit,time_limit,optimal,optimal,optimal,optimal,optimal,time_limit,time_limit,time_limit,time_limit,time_limit,time_limit,time_limit,time_limit,optimal,optimal,optimal,time_limit,time_limit,time_limit,time_limit,optimal_inaccurate,optimal_inaccurate,optimal,optimal,optimal
miplib_relax,supportcase10,14770.0,180454.0,569852.0,0.0,125.34,139.48,1.95,3.13,2.69,300.02,239.98,300.03,300.01,300.03,16.51,20.31,40.99,390.0,390.0,10.52,13.16,13.25,114.37,171.3,208.26,313.47,306.81,310.55,125.46,302.28,302.2,optimal,optimal,optimal_inaccurate,optimal,optimal,time_limit,optimal,optimal,time_limit,time_limit,optimal,optimal,optimal,time_limit,time_limit,optimal,optimal,optimal,optimal,optimal,optimal,optimal,optimal,optimal,optimal,optimal,optimal
miplib_relax,supportcase12,799616.0,966397.0,3134053.0,0.0,315.93,311.13,2.31,2.94,2.3,57.42,125.67,300.1,300.09,300.14,301.4,301.67,302.06,57.79,53.95,146.41,149.83,164.36,200.82,322.8,390.0,310.77,310.09,310.49,315.77,311.84,311.57,time_limit,time_limit,optimal_inaccurate,optimal_inaccurate,optimal_inaccurate,optimal,optimal,time_limit,time_limit,time_limit,time_limit,time_limit,time_limit,optimal,optimal,optimal,optimal,optimal,optimal,optimal,time_limit,dual_infeasible_inaccurate,dual_infeasible_inaccurate,dual_infeasible_inaccurate,dual_infeasible_inaccurate,dual_infeasible_inaccurate,dual_infeasible_inaccurate
miplib_relax,supportcase18,13410.0,13650.0,42330.0,0.0,0.1,0.15,0.29,0.43,0.32,0.08,0.09,0.05,0.05,0.05,0.48,0.7,0.72,0.07,0.07,2.06,1.76,1.2,0.47,0.45,0.57,0.12,0.09,0.14,0.65,0.38,0.41,optimal,optimal,optimal,optimal,optimal,optimal,optimal,optimal,optimal,optimal,optimal,optimal,optimal,optimal,optimal,optimal,optimal,optimal,optimal,optimal,optimal,optimal,optimal,optimal,optimal,optimal,optimal
miplib_relax,supportcase19,1429098.0,1439811.0,5716192.0,0.0,114.75,138.51,136.95,301.53,301.66,300.4,300.42,127.76,300.16,300.18,302.72,303.08,303.1,390.0,390.0,137.91,196.07,314.6,127.96,308.19,390.0,229.74,313.29,315.0,311.7,332.52,329.99,optimal,optimal,optimal_inaccurate,time_limit,time_limit,time_limit,time_limit,optimal,time_limit,time_limit,time_limit,time_limit,time_limit,time_limit,time_limit,optimal,optimal,optimal,optimal,optimal,time_limit,optimal,optimal,optimal,optimal,optimal,optimal
miplib_relax,supportcase22,7129.0,267731.0,2235957.0,0.0,5.99,7.87,0.89,1.37,0.91,10.71,6.35,300.02,300.03,300.03,11.16,7.84,8.68,5.59,5.86,7.02,5.84,5.09,10.31,9.9,13.89,7.23,7.47,7.4,6.04,4.24,4.3,optimal,optimal,optimal_inaccurate,optimal_inaccurate,optimal_inaccurate,optimal,optimal,time_limit,time_limit,time_limit,optimal,optimal,optimal,optimal,optimal,optimal,optimal,optimal,optimal,optimal,optimal,optimal,optimal,optimal,optimal,optimal,optimal
miplib_relax,supportcase26,436.0,1306.0,2928.0,0.0,0.01,0.01,0.44,0.55,0.43,0.01,0.01,0.02,0.02,0.02,0.01,0.02,0.02,0.0,0.0,1.63,1.55,0.98,0.05,0.05,0.06,0.03,0.02,0.03,0.52,0.32,0.34,optimal,optimal,optimal,optimal,optimal,optimal,optimal,optimal,optimal,optimal,optimal,optimal,optimal,optimal,optimal,optimal,optimal,optimal,optimal,optimal,optimal,optimal,optimal,optimal,optimal,optimal,optimal
miplib_relax,supportcase33,20203.0,40692.0,232118.0,0.0,10.67,12.61,1.42,1.84,1.39,0.6,0.68,3.41,7.54,9.34,0.37,2.8,4.18,1.49,1.53,3.01,2.59,2.1,2.0,2.02,2.83,9.09,8.47,8.76,7.37,4.85,5.25,optimal,optimal,optimal_inaccurate,optimal_inaccurate,optimal_inaccurate,optimal,optimal,optimal,optimal,optimal,optimal,optimal,optimal,optimal,optimal,optimal_inaccurate,optimal,optimal,optimal_inaccurate,optimal,optimal,optimal,optimal,optimal,optimal,optimal,optimal
miplib_relax,supportcase40,16440.0,54632.0,120860.0,0.0,12.37,13.61,0.47,0.67,0.53,0.33,0.36,13.03,19.39,26.37,5.1,5.43,10.15,31.82,27.5,2.88,2.68,2.01,2.78,2.83,3.65,3.26,3.28,3.43,2.71,1.86,1.97,optimal,optimal,optimal_inaccurate,optimal,optimal,optimal,optimal,optimal,optimal,optimal,optimal,optimal,optimal,optimal,optimal,optimal,optimal,optimal,optimal,optimal,optimal,optimal,optimal,optimal,optimal,optimal,optimal
miplib_relax,supportcase42,19466.0,36878.0,454092.0,0.0,1.82,2.51,0.59,1.18,0.88,16.39,29.51,34.65,178.04,300.01,7.66,16.17,17.37,2.39,2.27,3.61,3.33,3.45,6.2,6.4,11.84,9.84,7.46,300.42,9.11,9.22,78.33,optimal,optimal,optimal_inaccurate,optimal,optimal,optimal,optimal,optimal,optimal,time_limit,optimal,optimal,optimal,optimal,optimal,optimal,optimal,optimal,optimal,optimal,optimal,optimal_inaccurate,optimal,optimal_inaccurate,optimal_inaccurate,optimal,optimal
miplib_relax,supportcase6,130052.0,130823.0,715028.0,0.0,15.99,24.6,1.39,1.83,1.45,4.59,5.01,300.01,300.01,300.02,300.25,300.19,300.23,3.57,3.62,12.54,15.56,18.18,12.7,20.42,39.77,79.03,87.09,100.82,60.12,44.01,46.74,optimal,optimal,optimal_inaccurate,optimal_inaccurate,optimal_inaccurate,optimal,optimal,time_limit,time_limit,time_limit,time_limit,time_limit,time_limit,optimal,optimal,optimal,optimal,optimal,optimal,optimal,optimal,optimal,optimal,optimal,optimal,optimal,optimal
miplib_relax,supportcase7,138844.0,145376.0,2984389.0,0.0,20.97,31.24,1.75,3.21,1.75,5.26,4.4,300.03,300.03,300.05,300.57,300.5,300.61,18.94,16.61,13.7,12.53,17.02,35.92,47.51,71.97,302.89,302.88,303.1,304.64,303.08,303.13,optimal_inaccurate,optimal,optimal,optimal_inaccurate,optimal,optimal,optimal,time_limit,time_limit,time_limit,time_limit,time_limit,time_limit,optimal,optimal,optimal,optimal,optimal,optimal,optimal,optimal,optimal_inaccurate,optimal_inaccurate,optimal_inaccurate,optimal_inaccurate,optimal_inaccurate,optimal_inaccurate
miplib_relax,swath1,6805.0,7688.0,41769.0,0.0,0.13,0.18,0.29,0.43,0.3,0.06,0.07,4.37,15.55,16.1,2.8,12.99,13.19,0.07,0.07,1.92,1.8,1.22,0.35,0.34,0.43,0.64,0.53,0.68,1.32,0.91,0.95,optimal,optimal,optimal,optimal,optimal,optimal,optimal,optimal,optimal,optimal,optimal,optimal,optimal,optimal,optimal,optimal,optimal,optimal,optimal,optimal,optimal,optimal,optimal,optimal,optimal,optimal,optimal
miplib_relax,swath3,6805.0,7688.0,41769.0,0.0,0.13,0.18,0.29,0.41,0.3,0.06,0.06,4.37,15.6,16.19,2.95,12.81,13.32,0.07,0.07,1.84,1.85,1.25,0.34,0.34,0.41,0.65,0.52,0.67,1.3,0.91,0.92,optimal,optimal,optimal,optimal,optimal,optimal,optimal,optimal,optimal,optimal,optimal,optimal,optimal,optimal,optimal,optimal,optimal,optimal,optimal,optimal,optimal,optimal,optimal,optimal,optimal,optimal,optimal
miplib_relax,tbfp-network,72747.0,75183.0,288584.0,0.0,2.18,3.11,0.82,1.27,1.08,66.22,18.39,11.05,24.18,300.01,10.76,18.96,72.49,1.33,1.34,5.1,4.56,3.81,3.82,4.19,6.74,4.32,4.44,5.64,4.68,3.43,3.94,optimal,optimal,optimal_inaccurate,optimal_inaccurate,optimal,optimal,optimal,optimal,optimal,time_limit,optimal_inaccurate,optimal,optimal,optimal,optimal,optimal,optimal,optimal,optimal,optimal,optimal,optimal,optimal,optimal,optimal,optimal,optimal
miplib_relax,thor50dday,106261.0,159621.0,318321.0,0.0,2.17,2.8,0.54,0.87,0.56,0.57,0.63,44.75,46.72,79.99,31.04,35.36,60.35,0.96,0.94,7.02,6.2,4.57,5.55,6.46,10.9,9.94,11.06,12.27,9.98,6.52,6.93,optimal,optimal,optimal_inaccurate,optimal_inaccurate,optimal_inaccurate,optimal,optimal,optimal,optimal,optimal,optimal,optimal,optimal,optimal,optimal,optimal,optimal,optimal,optimal,optimal,optimal,optimal,optimal,optimal,optimal,optimal,optimal
miplib_relax,timtab1,397.0,568.0,1226.0,0.0,0.0,0.01,0.34,0.49,0.31,0.01,0.01,0.02,7.82,7.29,0.02,0.03,0.03,0.0,0.0,1.65,1.7,0.96,0.05,0.05,0.06,0.03,0.03,0.03,0.6,0.42,0.39,optimal,optimal,optimal,optimal,optimal,optimal,optimal,optimal,max_iter_reached,max_iter_reached,optimal,optimal,optimal,optimal,optimal,optimal,optimal,optimal,optimal,optimal,optimal,optimal,optimal,optimal,optimal,optimal,optimal
miplib_relax,toll-like,2883.0,7291.0,16107.0,0.0,0.03,0.04,0.39,0.54,0.39,0.04,0.04,0.02,0.02,0.02,0.06,0.07,0.09,0.02,0.02,,,,,,,0.09,0.08,0.12,0.59,0.38,0.42,optimal,optimal,optimal,optimal,optimal,optimal,optimal,optimal,optimal,optimal,optimal,optimal,optimal,optimal,optimal,,,,,,,optimal,optimal,optimal,optimal,optimal,optimal
miplib_relax,tr12-30,1080.0,1830.0,3588.0,0.0,0.01,0.01,0.53,0.75,0.55,0.01,0.01,0.03,0.03,0.03,0.01,0.01,0.02,0.01,0.01,1.62,1.58,1.0,0.06,0.06,0.08,0.04,0.02,0.03,0.53,0.31,0.34,optimal,optimal,optimal,optimal,optimal,optimal,optimal,optimal,optimal,optimal,optimal,optimal,optimal,optimal,optimal,optimal,optimal,optimal,optimal,optimal,optimal,optimal,optimal,optimal,optimal,optimal,optimal
miplib_relax,traininstance2,12890.0,28493.0,54421.0,0.0,0.22,0.27,0.39,0.57,0.41,0.11,0.1,300.0,300.0,300.0,300.03,300.04,300.04,0.15,0.15,2.86,6.35,34.8,1.56,3.36,39.36,59.09,300.45,300.15,300.88,300.42,300.42,optimal,optimal,optimal,optimal,optimal,optimal,optimal,time_limit,time_limit,time_limit,time_limit,time_limit,time_limit,optimal,optimal,optimal,optimal,optimal,optimal,optimal,optimal,optimal,optimal,optimal,optimal,optimal,optimal
miplib_relax,traininstance6,10218.0,22527.0,43003.0,0.0,0.16,0.21,0.58,0.75,0.54,0.08,0.08,300.0,300.0,300.0,69.35,300.03,300.04,0.11,0.12,2.12,4.48,22.48,0.67,8.99,6.96,130.72,103.08,130.77,37.54,38.16,114.41,optimal,optimal,optimal,optimal,optimal,optimal,optimal,time_limit,time_limit,time_limit,optimal,time_limit,time_limit,optimal,optimal,optimal,optimal,optimal,optimal,optimal,optimal,optimal,optimal,optimal,optimal,optimal,optimal
miplib_relax,trento1,7687.0,8952.0,101258.0,0.0,11.17,12.15,1.47,1.79,1.49,2.41,2.72,300.0,300.0,300.0,1.32,14.91,73.85,6.27,6.54,2.32,2.43,1.97,1.55,2.36,3.23,1.6,1.28,3.48,1.92,1.7,26.66,optimal,optimal,optimal,optimal,optimal,optimal,optimal,time_limit,time_limit,time_limit,optimal,optimal,optimal,optimal,optimal,optimal,optimal,optimal,optimal,optimal,optimal,optimal,optimal,optimal,optimal,optimal,optimal
miplib_relax,triptim1,30055.0,45761.0,545491.0,0.0,199.67,204.96,2.06,2.59,2.16,113.73,87.99,300.02,300.03,304.79,300.07,300.08,300.08,390.0,390.0,6.23,5.86,6.52,20.6,24.49,33.71,32.55,30.47,301.16,12.81,40.05,301.2,optimal,optimal,optimal_inaccurate,optimal_inaccurate,optimal_inaccurate,optimal,optimal,time_limit,time_limit,time_limit,time_limit,time_limit,time_limit,time_limit,time_limit,optimal,optimal,optimal,optimal,optimal,optimal,optimal,optimal,optimal_inaccurate,optimal,optimal,optimal
miplib_relax,uccase12,62529.0,183690.0,481976.0,0.0,2.56,3.67,0.73,1.05,1.94,2.08,1.82,43.0,300.01,300.02,118.11,153.96,300.27,2.98,2.99,4.9,5.24,5.29,4.94,6.62,12.02,22.77,15.15,23.73,23.6,11.45,13.02,optimal,optimal,optimal_inaccurate,optimal_inaccurate,optimal_inaccurate,optimal,optimal,optimal,optimal,time_limit,optimal,optimal,time_limit,optimal,optimal,optimal,optimal,optimal,optimal,optimal,optimal,optimal,optimal,optimal,optimal,optimal,optimal
miplib_relax,uccase9,33242.0,82807.0,365558.0,0.0,42.33,57.04,0.8,1.3,1.26,16.15,7.27,93.84,250.57,300.01,26.04,51.99,185.81,3.64,3.75,4.36,3.8,4.37,4.88,6.0,11.33,9.3,9.86,44.65,7.23,6.71,19.16,optimal,optimal,optimal_inaccurate,optimal_inaccurate,optimal_inaccurate,optimal,optimal,optimal,optimal,time_limit,optimal,optimal,optimal,optimal,optimal,optimal,optimal,optimal,optimal,optimal,optimal,optimal,optimal,optimal,optimal,optimal,optimal
miplib_relax,uct-subprob,2256.0,4229.0,12403.0,0.0,0.04,0.06,0.35,0.51,0.36,0.09,0.1,0.05,0.07,0.11,0.07,0.13,0.14,0.03,0.03,1.88,1.7,1.15,0.21,0.19,0.27,0.18,0.14,0.18,0.71,0.46,0.52,optimal,optimal,optimal,optimal,optimal,optimal,optimal,optimal,optimal,optimal,optimal,optimal,optimal,optimal,optimal,optimal,optimal,optimal,optimal,optimal,optimal,optimal,optimal,optimal,optimal,optimal,optimal
miplib_relax,unitcal_7,25755.0,74694.0,153350.0,0.0,30.45,47.53,1.24,1.74,1.25,0.61,0.57,300.01,300.01,300.01,30.59,41.71,100.83,2.47,2.57,3.32,3.32,3.51,2.01,2.98,5.57,5.31,4.8,8.6,5.14,4.06,5.77,optimal,optimal,optimal_inaccurate,optimal,optimal_inaccurate,optimal,optimal,time_limit,time_limit,time_limit,optimal,optimal,optimal,optimal,optimal,optimal,optimal,optimal,optimal,optimal,optimal,optimal,optimal,optimal,optimal,optimal,optimal
miplib_relax,var-smallemery-m6j6,5608.0,19023.0,856228.0,0.0,29.88,33.24,1.0,1.35,1.02,1.0,1.0,63.29,118.44,300.01,300.09,300.07,300.09,3.35,3.34,3.01,2.94,2.35,3.49,4.01,5.95,22.85,15.86,35.58,6.51,9.84,127.88,optimal,optimal,optimal_inaccurate,optimal,optimal,optimal,optimal,optimal,optimal,time_limit,time_limit,time_limit,time_limit,optimal,optimal,optimal,optimal,optimal,optimal,optimal,optimal,optimal,optimal,optimal,optimal,optimal,optimal
miplib_relax,wachplan,3361.0,4914.0,92722.0,0.0,1.87,2.08,0.43,0.67,0.46,0.12,0.23,0.4,0.44,0.66,0.21,0.21,0.25,2.22,2.37,1.93,1.87,1.24,0.57,0.54,0.62,0.3,0.25,0.3,0.74,0.46,0.47,optimal,optimal,optimal,optimal,optimal,optimal,optimal,optimal,optimal,optimal,optimal,optimal,optimal,optimal,optimal,optimal,optimal,optimal,optimal,optimal,optimal,optimal,optimal,optimal,optimal,optimal,optimal
mittelmann,qap15,22275.0,28605.0,117225.0,0.0,13.21,17.8,,,1.0,300.01,300.01,84.16,,178.67,1.61,,9.2,139.98,164.1,,,,,,,39.71,,55.17,6.81,,7.31,optimal,optimal,worker_error,,optimal_inaccurate,time_limit,time_limit,optimal,,optimal,optimal,,optimal,optimal,optimal,,,,,,,optimal,,optimal,optimal,,optimal
netlib,25fv47,1571.0,2392.0,11971.0,0.0,0.07,0.09,0.6,0.68,0.47,0.15,0.2,0.78,2.71,107.71,0.45,0.95,5.62,0.07,0.07,1.37,10.88,1.86,0.19,0.2,0.2,0.3,2.02,0.42,1.5,0.71,7.11,optimal,optimal,optimal,optimal,optimal,optimal,optimal,optimal,optimal,max_iter_reached,optimal,optimal,optimal,optimal,optimal,optimal,optimal,optimal,optimal,optimal,optimal,optimal,optimal,optimal,optimal,optimal,optimal
netlib,80bau3b,9799.0,12061.0,30801.0,0.0,0.2,0.25,0.89,1.09,0.85,0.18,0.21,114.98,116.21,187.05,1.13,8.8,11.09,0.22,0.22,1.67,2.51,2.56,0.57,0.71,0.75,0.49,0.62,0.75,1.18,0.81,2.57,optimal,optimal,optimal,optimal,optimal,optimal,optimal,optimal,optimal,max_iter_reached,optimal,optimal,optimal,optimal,optimal,optimal,optimal,optimal,optimal,optimal,optimal,optimal,optimal,optimal,optimal,optimal,optimal
netlib,adlittle,97.0,153.0,480.0,0.0,0.0,0.0,0.29,0.42,0.28,0.01,0.01,0.01,0.03,2.03,0.01,0.02,0.08,0.0,0.0,1.23,7.67,1.5,0.03,0.04,0.03,0.02,0.02,0.02,0.57,0.35,0.91,optimal,optimal,optimal,optimal,optimal,optimal,optimal,optimal,optimal,max_iter_reached,optimal,optimal,optimal,optimal,optimal,optimal,optimal,optimal,optimal,optimal,optimal,optimal,optimal,optimal,optimal,optimal,optimal
netlib,afiro,32.0,59.0,115.0,0.0,0.0,0.0,0.29,0.43,0.3,0.0,0.01,0.0,0.0,0.0,0.0,0.0,0.0,0.0,0.0,1.13,1.91,1.54,0.02,0.03,0.02,0.0,0.0,0.0,0.47,0.3,0.81,optimal,optimal,optimal,optimal,optimal,optimal,optimal,optimal,optimal,optimal,optimal,optimal,optimal,optimal,optimal,optimal,optimal,optimal,optimal,optimal,optimal,optimal_inaccurate,optimal,optimal,optimal,optimal,optimal
netlib,agg,163.0,651.0,2573.0,0.0,0.01,0.01,0.38,0.5,0.32,0.01,0.01,15.14,15.6,12.03,0.22,0.91,4.21,0.01,0.01,1.29,7.76,1.84,0.06,0.07,0.08,2.21,2.14,2.19,11.92,10.46,13.06,optimal,optimal,optimal,optimal,optimal,optimal,optimal,max_iter_reached,max_iter_reached,max_iter_reached,optimal,optimal,optimal,optimal,optimal,optimal_inaccurate,optimal,optimal,optimal_inaccurate,optimal,optimal,dual_infeasible,dual_infeasible,dual_infeasible,dual_infeasible,dual_infeasible,dual_infeasible
netlib,agg2,302.0,818.0,4586.0,0.0,0.03,0.03,0.53,0.6,0.48,0.01,0.02,1.03,1.11,0.94,0.16,0.21,0.22,0.02,0.02,1.29,1.8,1.77,0.08,0.1,0.09,0.17,0.54,0.53,1.23,2.81,4.37,optimal,optimal,optimal,optimal,optimal,optimal,optimal,optimal,optimal,optimal,optimal,optimal,optimal,optimal,optimal,optimal_inaccurate,optimal,optimal,optimal_inaccurate,optimal,optimal,optimal,optimal,optimal,optimal,optimal,optimal
netlib,agg3,302.0,818.0,4602.0,0.0,0.03,0.03,0.45,0.55,0.43,0.01,0.02,0.62,0.69,0.68,0.15,0.18,0.19,0.02,0.02,1.29,1.8,1.71,0.07,0.09,0.09,0.23,0.23,0.23,1.04,9.73,1.92,optimal,optimal,optimal,optimal,optimal,optimal,optimal,optimal,optimal,optimal,optimal,optimal,optimal,optimal,optimal,optimal_inaccurate,optimal,optimal,optimal_inaccurate,optimal,optimal,optimal,optimal,optimal,optimal,optimal,optimal
netlib,bandm,472.0,777.0,2966.0,0.0,0.01,0.01,0.41,0.54,0.37,0.01,0.02,0.11,4.44,14.15,0.37,0.82,1.14,0.01,0.01,1.28,1.84,1.82,0.05,0.05,0.06,0.06,0.07,0.08,0.68,0.5,1.17,optimal,optimal,optimal,optimal,optimal,optimal,optimal,optimal,optimal,max_iter_reached,optimal,optimal,optimal,optimal,optimal,optimal,optimal,optimal,optimal,optimal,optimal,optimal,optimal,optimal,optimal,optimal,optimal
netlib,beaconfd,262.0,435.0,3637.0,0.0,0.01,0.01,0.42,0.51,0.41,0.01,0.01,0.01,0.02,0.03,0.18,0.2,0.22,0.0,0.0,1.14,1.74,1.78,0.04,0.05,0.05,0.02,0.03,0.03,0.54,0.33,0.94,optimal,optimal,optimal,optimal,optimal,optimal,optimal,optimal,optimal,optimal,optimal,optimal,optimal,optimal,optimal,optimal,optimal,optimal,optimal,optimal,optimal,optimal,optimal,optimal,optimal,optimal,optimal
netlib,blend,83.0,157.0,574.0,0.0,0.0,0.0,0.32,0.43,0.31,0.01,0.01,0.1,3.27,2.64,0.01,0.01,0.01,0.0,0.0,1.24,1.64,1.73,0.03,0.03,0.03,0.01,0.01,0.01,0.52,0.3,0.81,optimal,optimal,optimal,optimal,optimal,optimal,optimal,optimal,max_iter_reached,max_iter_reached,optimal,optimal,optimal,optimal,optimal,optimal,optimal,optimal,optimal,optimal,optimal,optimal,optimal,optimal,optimal,optimal,optimal
netlib,bnl1,1175.0,1818.0,6296.0,0.0,0.05,0.07,0.42,0.53,0.36,0.04,0.04,13.65,47.27,34.6,300.01,300.01,300.01,0.02,0.02,1.4,2.34,2.26,0.13,0.26,0.31,0.37,4.07,8.22,1.37,12.7,24.34,optimal,optimal,optimal,optimal,optimal,optimal,optimal,optimal,max_iter_reached,max_iter_reached,time_limit,time_limit,time_limit,optimal,optimal,optimal,optimal,optimal,optimal,optimal,optimal,optimal,optimal,optimal,optimal,optimal,optimal
netlib,bnl2,3489.0,5813.0,17488.0,0.0,1.22,1.43,0.53,0.69,0.48,0.07,0.09,41.38,42.14,97.02,9.97,73.32,300.01,1.39,1.11,1.64,2.49,2.14,0.42,0.48,0.53,0.94,1.45,1.92,1.97,2.1,4.25,optimal,optimal,optimal_inaccurate,optimal_inaccurate,optimal_inaccurate,optimal,optimal,optimal,optimal,optimal,optimal,optimal,time_limit,optimal,optimal,optimal,optimal,optimal,optimal,optimal,optimal,optimal,optimal,optimal,optimal,optimal,optimal
netlib,boeing1,384.0,735.0,3869.0,0.0,0.01,0.02,0.35,0.46,0.32,0.02,0.02,0.91,1.07,8.48,0.11,0.35,0.51,0.01,0.01,1.3,1.76,1.56,0.06,0.07,0.07,0.15,0.16,0.17,1.12,0.87,3.13,optimal,optimal,optimal,optimal,optimal,optimal,optimal,optimal,optimal,optimal,optimal,optimal,optimal,optimal,optimal,optimal,optimal,optimal,optimal,optimal,optimal,optimal,optimal,optimal,optimal,optimal,optimal
netlib,boeing2,143.0,309.0,1339.0,0.0,0.0,0.0,0.31,0.41,0.3,0.01,0.01,0.31,0.39,5.75,0.04,0.06,0.07,0.0,0.0,1.28,1.86,1.58,0.05,0.05,0.05,0.08,0.1,0.12,0.75,0.6,5.25,optimal,optimal,optimal,optimal,optimal,optimal,optimal,optimal,optimal,max_iter_reached,optimal,optimal,optimal,optimal,optimal,optimal,optimal,optimal,optimal,optimal,optimal,optimal,optimal,optimal,optimal_inaccurate,optimal,optimal
netlib,bore3d,315.0,548.0,1744.0,0.0,0.01,0.01,0.42,0.49,0.38,0.01,0.01,0.91,2.24,8.75,4.45,5.22,5.72,0.0,0.01,1.25,1.84,1.71,0.06,0.07,0.07,0.05,0.05,0.05,0.83,0.48,1.04,optimal,optimal,optimal,optimal,optimal,optimal,optimal,optimal,optimal,max_iter_reached,optimal,optimal,optimal,optimal,optimal,optimal,optimal,optimal,optimal,optimal,optimal,optimal,optimal,optimal,optimal,optimal,optimal
netlib,brandy,249.0,469.0,2397.0,0.0,0.01,0.01,0.35,0.49,0.36,0.01,0.02,0.15,0.45,1.5,0.12,0.17,0.2,0.0,0.0,1.21,1.71,1.58,0.05,0.05,0.06,0.06,0.32,29.21,1.14,1.56,202.17,optimal,optimal,optimal,optimal,optimal,optimal,optimal,optimal,optimal,optimal,optimal,optimal,optimal,optimal,optimal,optimal,optimal,optimal,optimal,optimal,optimal,optimal,optimal,optimal,optimal,optimal,optimal
netlib,capri,353.0,610.0,2106.0,0.0,0.01,0.01,0.41,0.58,0.39,0.01,0.01,0.87,4.27,12.27,4.41,5.66,10.8,0.01,0.01,1.31,2.01,1.73,0.08,0.1,0.1,0.03,0.25,0.29,0.62,3.98,2.43,optimal,optimal,optimal,optimal,optimal,optimal,optimal,optimal,optimal,max_iter_reached,optimal,optimal,optimal,optimal,optimal,optimal,optimal,optimal,optimal,optimal,optimal,optimal,optimal,optimal,optimal,optimal,optimal
netlib,cycle,2857.0,4753.0,23570.0,0.0,0.16,0.21,0.43,0.61,0.42,0.17,0.17,6.49,23.28,50.32,3.92,6.74,8.48,1.61,1.63,1.42,2.02,1.93,0.26,0.35,0.36,0.51,0.59,0.78,1.22,1.43,1.93,optimal,optimal,optimal,optimal,optimal,optimal,optimal,optimal,optimal,optimal,optimal,optimal,optimal,optimal,optimal,optimal,optimal,optimal,optimal,optimal,optimal,optimal,optimal,optimal,optimal,optimal,optimal
netlib,czprob,3523.0,4452.0,14192.0,0.0,0.05,0.05,0.4,0.49,0.37,0.04,0.05,71.63,71.9,54.72,0.62,2.29,11.62,0.04,0.04,1.28,1.92,1.8,0.16,0.19,0.22,0.54,0.6,95.12,1.22,2.0,300.52,optimal,optimal,optimal,optimal,optimal,optimal,optimal,optimal,max_iter_reached,max_iter_reached,optimal,optimal,optimal,optimal,optimal,optimal,optimal,optimal,optimal,optimal,optimal,optimal,optimal,optimal,optimal,optimal,optimal_inaccurate
netlib,d2q06c,5167.0,7338.0,37584.0,0.0,3.06,3.68,0.88,1.2,0.9,0.91,0.95,300.0,300.0,300.0,15.56,69.98,88.78,0.42,0.44,1.59,2.33,2.19,0.46,0.64,0.69,1.18,2.68,2.93,2.15,1.85,3.25,optimal,optimal,optimal_inaccurate,optimal_inaccurate,optimal_inaccurate,optimal,optimal,optimal,time_limit,time_limit,optimal,optimal,optimal,optimal,optimal,optimal,optimal,optimal,optimal,optimal,optimal,optimal,optimal,optimal,optimal,optimal,optimal
netlib,d6cube,6184.0,6599.0,43888.0,0.0,0.22,0.24,0.35,0.48,0.36,0.15,0.19,34.15,36.21,32.39,4.9,7.0,8.24,0.17,0.17,1.38,2.07,1.89,0.28,0.43,0.45,0.49,3.99,4.62,1.4,4.57,7.01,optimal,optimal,optimal,optimal,optimal,optimal,optimal,optimal,optimal,optimal,optimal_inaccurate,optimal,optimal,optimal,optimal,optimal,optimal,optimal,optimal,optimal,optimal,optimal,optimal,optimal,optimal,optimal,optimal
netlib,degen2,534.0,978.0,4512.0,0.0,0.02,0.02,0.34,0.51,0.36,0.02,0.03,0.02,0.08,0.1,0.04,0.08,0.11,0.01,0.01,1.22,1.66,1.57,0.07,0.07,0.08,0.06,0.06,0.07,0.72,0.45,0.68,optimal,optimal,optimal,optimal,optimal,optimal,optimal,optimal,optimal,optimal,optimal,optimal,optimal,optimal,optimal,optimal,optimal,optimal,optimal,optimal,optimal,optimal,optimal,optimal,optimal,optimal,optimal
netlib,degen3,1818.0,3321.0,26464.0,0.0,0.7,0.75,0.43,0.59,0.43,0.2,0.23,0.19,0.78,217.77,0.44,1.3,2.14,0.16,0.16,1.37,1.83,1.66,0.23,0.28,0.31,0.32,0.32,0.32,0.84,0.63,0.9,optimal,optimal,optimal,optimal,optimal,optimal,optimal,optimal,optimal,max_iter_reached,optimal,optimal,optimal,optimal,optimal,optimal,optimal,optimal,optimal,optimal,optimal,optimal,optimal,optimal,optimal,optimal,optimal
netlib,dfl001,12230.0,18301.0,47862.0,0.0,0.46,0.47,0.7,1.56,1.57,6.64,6.83,52.34,56.95,52.95,5.37,7.13,17.9,28.7,28.53,2.1,2.85,4.23,5.37,6.46,8.99,4.08,5.97,17.65,2.45,3.4,14.3,dual_infeasible,dual_infeasible,optimal_inaccurate,optimal_inaccurate,optimal_inaccurate,optimal,optimal,optimal,optimal,optimal,optimal,optimal,optimal,optimal,optimal,optimal,optimal,optimal,optimal,optimal,optimal,optimal,optimal,optimal,optimal,optimal,optimal
netlib,e226,282.0,505.0,2860.0,0.0,0.01,0.01,0.45,0.55,0.35,0.01,0.02,0.22,0.33,12.26,0.19,0.73,0.78,0.01,0.01,1.27,2.05,1.71,0.05,0.08,0.06,0.03,0.03,0.04,0.62,0.43,0.64,optimal,optimal,optimal,optimal,optimal,optimal,optimal,optimal,optimal,max_iter_reached,optimal,optimal,optimal,optimal,optimal,optimal,optimal,optimal,optimal,optimal,optimal,optimal,optimal,optimal,optimal,optimal,optimal
netlib,etamacro,688.0,1088.0,3097.0,0.0,0.03,0.03,0.33,0.52,0.35,0.02,0.02,3.68,3.75,2.96,0.15,0.21,1.9,0.02,0.03,1.38,1.85,1.95,0.09,0.11,0.16,0.07,0.09,0.09,0.64,0.62,0.75,optimal,optimal,optimal,optimal,optimal,optimal,optimal,optimal,optimal,optimal,optimal,optimal,optimal,optimal,optimal,optimal,optimal,optimal,optimal,optimal,optimal,optimal,optimal,optimal,optimal,optimal,optimal
netlib,fffff800,854.0,1378.0,7081.0,0.0,0.06,0.06,0.37,0.52,0.35,0.02,0.03,52.63,55.59,41.48,26.56,30.15,36.53,0.04,0.05,1.32,2.01,2.21,0.12,0.17,0.24,0.22,0.71,9.63,3.12,17.66,18.27,optimal_inaccurate,optimal_inaccurate,optimal,optimal,optimal,optimal,optimal,max_iter_reached,max_iter_reached,max_iter_reached,optimal,optimal,optimal,optimal,optimal,optimal,optimal,optimal,optimal,optimal,optimal,optimal,optimal,optimal,optimal,optimal,optimal
netlib,finnis,614.0,1111.0,2924.0,0.0,0.01,0.02,0.35,0.53,0.32,0.01,0.02,21.97,22.22,17.27,0.22,0.41,0.78,0.06,0.06,1.36,1.9,1.75,0.08,0.11,0.12,0.06,0.08,0.11,0.72,0.5,0.79,optimal,optimal,optimal,optimal,optimal,optimal,optimal,max_iter_reached,max_iter_reached,max_iter_reached,optimal,optimal,optimal,optimal,optimal,optimal,optimal,optimal,optimal,optimal,optimal,optimal,optimal,optimal,optimal,optimal,optimal
netlib,fit1d,1026.0,1050.0,14430.0,0.0,0.03,0.03,0.31,0.47,0.32,0.02,0.03,0.04,0.2,1.43,0.44,0.99,1.15,0.01,0.02,1.21,1.87,1.65,0.08,0.1,0.12,0.04,0.06,0.08,0.51,0.34,0.6,optimal,optimal,optimal,optimal,optimal,optimal,optimal,optimal,optimal,optimal,optimal,optimal,optimal,optimal,optimal,optimal,optimal,optimal,optimal,optimal,optimal,optimal,optimal,optimal,optimal,optimal,optimal
netlib,fit1p,1677.0,2304.0,11545.0,0.0,0.03,0.03,0.36,0.48,0.33,0.05,0.06,0.18,1.27,30.34,1.73,3.24,13.6,0.02,0.02,1.36,1.85,1.67,0.14,0.15,0.16,0.12,0.13,0.16,0.82,0.45,0.77,optimal,optimal,optimal,optimal,optimal,optimal,optimal,optimal,optimal,max_iter_reached,optimal,optimal,optimal,optimal,optimal,optimal,optimal,optimal,optimal,optimal,optimal,optimal,optimal,optimal,optimal,optimal,optimal
netlib,fit2d,10500.0,10525.0,139518.0,0.0,0.27,0.3,0.36,0.53,0.34,0.2,0.27,1.54,6.23,6.39,5.5,13.13,27.54,0.18,0.2,1.68,2.07,2.11,0.75,0.83,0.83,0.44,0.54,0.8,0.99,0.6,1.14,optimal,optimal,optimal,optimal,optimal,optimal,optimal,optimal,optimal,optimal,optimal,optimal,optimal,optimal,optimal,optimal,optimal,optimal,optimal,optimal,optimal,optimal,optimal,optimal,optimal,optimal,optimal
netlib,fit2p,13525.0,16525.0,63809.0,0.0,0.22,0.25,0.53,0.93,0.95,1.09,1.29,0.19,1.75,2.58,4.21,20.75,26.53,0.12,0.12,1.7,2.46,2.21,0.77,1.0,0.94,1.6,1.89,2.46,1.73,1.68,3.28,optimal,optimal,optimal_inaccurate,optimal_inaccurate,optimal_inaccurate,optimal,optimal,optimal,optimal,optimal,optimal_inaccurate,optimal,optimal,optimal,optimal,optimal,optimal,optimal,optimal,optimal,optimal,optimal,optimal,optimal,optimal,optimal,optimal
netlib,forplan,421.0,582.0,4984.0,0.0,0.02,0.02,0.36,0.56,0.36,0.01,0.01,1.44,1.49,6.38,2.81,7.52,11.19,217.57,159.43,1.34,2.1,1.85,0.07,0.12,0.13,7.28,15.21,44.92,15.49,16.16,224.66,optimal,optimal,optimal,optimal,optimal,optimal,optimal,optimal,optimal,optimal,optimal,optimal,optimal,max_iter_reached,max_iter_reached,optimal_inaccurate,optimal,optimal,optimal_inaccurate,optimal,optimal,optimal,optimal,optimal,optimal,optimal,optimal
netlib,ganges,1681.0,2990.0,8593.0,0.0,0.03,0.04,0.35,0.52,0.29,0.02,0.03,8.33,15.51,11.75,0.16,20.86,21.75,0.02,0.02,1.22,1.95,1.83,0.1,0.11,0.19,0.11,0.11,0.13,0.79,0.48,0.74,optimal,optimal,optimal,optimal,optimal,optimal,optimal,optimal,optimal,primal_infeasible,optimal,optimal,optimal,optimal,optimal,optimal,optimal,optimal,optimal,optimal,optimal,optimal,optimal,optimal,optimal,optimal,optimal
netlib,gfrd-pnc,1092.0,1708.0,3469.0,0.0,0.01,0.01,0.82,0.96,0.77,0.01,0.02,19.7,24.77,18.96,0.86,1.81,6.19,0.01,0.0,1.32,1.92,1.64,0.06,0.09,0.08,0.07,0.07,0.08,0.74,0.4,0.71,optimal,optimal,optimal,optimal,optimal,optimal,optimal,optimal,optimal,max_iter_reached,optimal,optimal,optimal,optimal,optimal,optimal,optimal,optimal,optimal,optimal,optimal,optimal,optimal,optimal,optimal,optimal,optimal
netlib,greenbea,5405.0,7797.0,36282.0,0.0,3.4,3.39,0.48,0.58,0.47,0.28,0.3,300.0,300.0,284.97,300.01,300.02,300.02,390.0,390.0,1.38,2.4,3.53,0.38,0.68,2.08,3.68,56.0,300.11,5.97,54.53,300.56,optimal,optimal,optimal,optimal,optimal,optimal,optimal,time_limit,time_limit,max_iter_reached,time_limit,time_limit,time_limit,time_limit,time_limit,optimal_inaccurate,optimal,optimal,optimal_inaccurate,optimal,optimal,optimal_inaccurate,optimal,optimal,optimal_inaccurate,optimal,optimal
netlib,greenbeb,5405.0,7793.0,36278.0,0.0,3.48,4.86,0.61,0.79,0.6,0.52,0.58,300.0,300.0,283.27,119.38,179.48,211.28,0.42,0.3,1.41,2.32,3.09,0.36,0.67,1.48,1.32,1.51,13.05,2.52,2.16,21.04,optimal,optimal,optimal,optimal,optimal,optimal,optimal,time_limit,time_limit,max_iter_reached,optimal,optimal,optimal,optimal,optimal,optimal,optimal,optimal,optimal,optimal,optimal,optimal,optimal,optimal,optimal,optimal,optimal
netlib,grow15,645.0,945.0,6265.0,0.0,0.02,0.02,0.39,0.6,0.39,0.04,0.05,0.74,32.43,24.95,0.12,0.64,0.85,0.01,0.01,1.15,1.76,1.55,0.08,0.07,0.08,0.06,0.06,0.06,0.73,0.43,0.68,optimal,optimal,optimal,optimal,optimal,optimal,optimal,optimal,max_iter_reached,max_iter_reached,optimal,optimal,optimal,optimal,optimal,optimal_inaccurate,optimal,optimal,optimal_inaccurate,optimal,optimal,dual_infeasible,dual_infeasible,dual_infeasible,dual_infeasible,dual_infeasible,dual_infeasible
netlib,grow22,946.0,1386.0,9198.0,0.0,0.03,0.03,0.41,0.65,0.42,0.11,0.12,1.17,2.27,2.25,0.07,0.22,0.49,0.01,0.01,1.29,1.68,1.65,0.08,0.1,0.11,0.1,0.1,0.11,1.46,0.49,1.34,optimal,optimal,optimal,optimal,optimal,optimal,optimal,optimal,optimal,optimal,optimal,optimal,optimal,optimal,optimal,optimal_inaccurate,optimal,optimal,optimal_inaccurate,optimal,optimal,dual_infeasible,dual_infeasible,dual_infeasible,dual_infeasible,dual_infeasible,dual_infeasible
netlib,grow7,301.0,441.0,2913.0,0.0,0.01,0.01,0.42,0.56,0.36,0.01,0.02,0.34,15.07,11.71,0.06,0.12,0.14,0.01,0.0,1.22,1.72,1.5,0.04,0.05,0.05,6.96,6.88,25.73,250.82,231.74,18.97,optimal,optimal,optimal,optimal,optimal,optimal,optimal,optimal,max_iter_reached,max_iter_reached,optimal,optimal,optimal,optimal,optimal,optimal_inaccurate,optimal,optimal,optimal_inaccurate,optimal,optimal,optimal,optimal,optimal,dual_infeasible_inaccurate,dual_infeasible_inaccurate,optimal
netlib,israel,142.0,316.0,2411.0,0.0,0.0,0.0,0.34,0.45,0.33,0.01,0.01,0.07,9.96,7.58,0.05,0.06,0.07,0.01,0.0,1.34,7.58,1.51,0.04,0.05,0.05,0.02,0.03,0.03,0.7,0.39,0.61,optimal,optimal,optimal,optimal,optimal,optimal,optimal,optimal,max_iter_reached,max_iter_reached,optimal,optimal,optimal,optimal,optimal,optimal,optimal,optimal,optimal,optimal,optimal,optimal,optimal,optimal,optimal,optimal,optimal
netlib,kb2,41.0,84.0,327.0,0.0,0.0,0.0,0.3,0.46,0.29,0.0,0.01,2.14,1.84,1.46,0.03,0.04,0.04,0.0,0.0,1.18,1.69,1.62,0.03,0.04,0.04,0.01,0.01,0.01,0.6,0.35,0.56,optimal_inaccurate,optimal,optimal,optimal,optimal,optimal,optimal,max_iter_reached,max_iter_reached,max_iter_reached,optimal,optimal,optimal,optimal,optimal,optimal,optimal,optimal,optimal,optimal,optimal,optimal,optimal,optimal,optimal,optimal,optimal
netlib,lotfi,308.0,461.0,1386.0,0.0,0.01,0.01,0.31,0.46,0.33,0.01,0.01,1.37,8.26,6.35,1.45,1.86,2.42,0.0,0.0,1.24,1.7,1.51,0.04,0.05,0.06,0.04,0.05,0.04,0.68,0.78,1.41,optimal,optimal,optimal,optimal,optimal,optimal,optimal,optimal,max_iter_reached,max_iter_reached,optimal,optimal,optimal,optimal,optimal,optimal,optimal,optimal,optimal,optimal,optimal,optimal,optimal,optimal,optimal,optimal,optimal
netlib,maros,1443.0,2289.0,11057.0,0.0,0.08,0.09,0.39,0.53,0.4,0.05,0.07,100.57,102.21,77.16,16.3,36.88,58.06,0.06,0.04,1.89,1.75,1.68,0.13,0.17,0.18,0.19,0.2,0.21,0.95,0.81,1.91,optimal,optimal,optimal,optimal,optimal,optimal,optimal,max_iter_reached,max_iter_reached,max_iter_reached,optimal,optimal,optimal,optimal,optimal,optimal_inaccurate,optimal,optimal,optimal_inaccurate,optimal,optimal,optimal,optimal,optimal,optimal,optimal,optimal
netlib,maros-r7,9408.0,12544.0,154256.0,0.0,2.05,2.61,0.73,0.98,0.78,0.75,0.86,12.41,169.37,300.0,0.88,2.74,7.07,3.97,2.95,1.99,2.22,2.15,1.26,1.76,1.79,2.23,2.59,2.58,2.27,17.55,5.37,optimal,optimal,optimal_inaccurate,optimal_inaccurate,optimal_inaccurate,optimal,optimal,optimal,optimal,optimal,optimal_inaccurate,optimal,optimal,optimal,optimal,optimal,optimal,optimal,optimal,optimal,optimal,optimal,optimal,optimal,optimal,optimal,optimal
netlib,modszk1,1620.0,2305.0,4786.0,0.0,0.03,0.03,0.35,0.48,0.34,0.02,0.03,21.95,42.03,26.22,7.4,8.02,9.27,0.01,0.01,1.34,2.03,1.78,0.09,0.17,0.18,0.15,0.15,0.17,0.9,0.59,1.08,optimal,optimal,optimal,optimal,optimal,optimal,optimal,optimal,max_iter_reached,max_iter_reached,optimal,optimal,optimal,optimal,optimal,optimal,optimal,optimal,optimal,optimal,optimal,optimal,optimal,optimal,optimal,optimal,optimal
netlib,nesm,2923.0,3585.0,16211.0,0.0,0.07,0.09,0.38,0.5,0.35,0.23,0.27,0.37,1.37,5.62,0.67,7.07,35.1,0.05,0.04,1.52,1.91,1.93,0.3,0.33,0.37,1.36,1.44,1.58,3.62,3.56,4.01,optimal,optimal,optimal,optimal,optimal,optimal,optimal,optimal,optimal,optimal,optimal,optimal,optimal,optimal,optimal,optimal,optimal,optimal,optimal,optimal,optimal,optimal,optimal,optimal,optimal,optimal,optimal
netlib,perold,1376.0,1913.0,7306.0,0.0,0.1,0.12,0.41,0.54,0.39,0.06,0.08,84.0,86.61,63.85,300.01,300.01,300.01,0.07,0.05,1.33,1.93,2.28,0.14,0.22,0.35,0.43,1.66,40.26,2.89,5.27,98.84,optimal,optimal,optimal,optimal,optimal,optimal,optimal,max_iter_reached,max_iter_reached,max_iter_reached,time_limit,time_limit,time_limit,optimal,optimal,optimal,optimal,optimal,optimal,optimal,optimal,optimal_inaccurate,optimal,optimal,optimal_inaccurate,optimal_inaccurate,optimal
netlib,pilot,3652.0,5093.0,46819.0,0.0,7.06,9.26,1.24,1.54,1.17,1.29,1.14,300.0,300.0,300.0,57.09,219.34,300.02,115.05,0.67,1.76,2.59,3.93,0.69,1.15,2.48,0.89,3.7,300.15,1.53,5.55,300.61,optimal,optimal,optimal,optimal,optimal,optimal,optimal,time_limit,time_limit,time_limit,optimal,optimal,time_limit,optimal,optimal,optimal,optimal,optimal,optimal,optimal,optimal,optimal_inaccurate,optimal_inaccurate,optimal,optimal_inaccurate,optimal_inaccurate,optimal
netlib,pilot.ja,1988.0,2840.0,16598.0,0.0,2.56,3.88,0.47,,0.52,0.1,0.11,145.12,146.22,116.7,211.44,300.01,300.01,13.52,8.11,1.49,2.25,2.79,0.27,0.43,0.74,1.33,1.98,7.64,3.44,6.49,15.28,optimal,optimal,optimal,worker_error,optimal,optimal,optimal,max_iter_reached,max_iter_reached,max_iter_reached,optimal,time_limit,time_limit,optimal,optimal,optimal,optimal,optimal,optimal,optimal,optimal,optimal,optimal,optimal,optimal,optimal,optimal
netlib,pilot.we,2789.0,3431.0,11835.0,0.0,0.15,0.16,0.72,0.91,0.69,0.15,0.2,83.9,85.23,67.17,42.75,61.07,109.21,42.86,31.56,1.55,2.12,2.13,0.22,0.3,0.41,0.41,0.45,0.73,1.13,0.87,1.65,optimal,optimal,optimal,optimal,optimal,optimal,optimal,max_iter_reached,max_iter_reached,max_iter_reached,optimal,optimal,optimal,optimal,optimal,optimal,optimal,optimal,optimal,optimal,optimal,optimal,optimal,optimal,optimal,optimal,optimal
netlib,pilot4,1000.0,1322.0,6053.0,0.0,0.05,0.05,0.44,0.65,0.48,0.04,0.05,39.13,39.89,30.58,26.79,89.05,300.0,0.02,0.02,1.44,2.02,2.07,0.15,0.18,0.24,0.26,4.97,88.57,5.42,250.56,286.86,optimal,optimal,optimal,optimal,optimal,optimal,optimal,max_iter_reached,max_iter_reached,max_iter_reached,optimal,optimal,time_limit,optimal,optimal,optimal,optimal,optimal,optimal,optimal,optimal,optimal_inaccurate,optimal_inaccurate,optimal_inaccurate,optimal_inaccurate,optimal_inaccurate,optimal_inaccurate
netlib,pilot87,4883.0,6913.0,78035.0,0.0,7.11,10.48,1.21,1.41,1.17,5.14,4.95,300.0,300.01,300.0,61.31,155.91,218.45,390.0,390.0,1.87,2.92,3.84,1.44,2.11,3.69,1.85,2.87,4.62,2.45,2.43,5.23,optimal,optimal,optimal_inaccurate,optimal_inaccurate,optimal_inaccurate,optimal,optimal,time_limit,time_limit,time_limit,optimal,optimal,optimal,time_limit,time_limit,optimal,optimal,optimal,optimal,optimal,optimal,optimal,optimal,optimal,optimal,optimal,optimal
netlib,pilotnov,2172.0,3147.0,15229.0,0.0,1.41,1.53,0.54,0.71,0.55,0.17,0.25,47.57,55.69,81.41,1.96,3.43,3.81,0.16,0.25,1.33,1.87,1.77,0.2,0.22,0.25,0.31,27.7,34.51,1.53,6.29,1.72,optimal,optimal,optimal,optimal,optimal,optimal,optimal,optimal,optimal,optimal,optimal,optimal,optimal,optimal,optimal,optimal,optimal,optimal,optimal,optimal,optimal,optimal_inaccurate,optimal,optimal,optimal_inaccurate,optimal_inaccurate,optimal
netlib,recipe,180.0,271.0,843.0,0.0,0.0,0.0,0.28,0.4,0.32,0.01,0.01,0.0,0.0,0.0,0.01,0.01,0.01,0.0,0.0,1.21,1.68,1.52,0.03,0.04,0.04,0.01,0.02,0.01,0.57,0.29,0.5,optimal,optimal,optimal,optimal,optimal,optimal,optimal,optimal,optimal,optimal,optimal,optimal,optimal,optimal,optimal,optimal,optimal,optimal,optimal,optimal,optimal,optimal,optimal,optimal,optimal,optimal,optimal
netlib,sc105,103.0,208.0,383.0,0.0,0.0,0.0,0.3,0.55,0.36,0.0,0.01,3.27,3.25,2.63,0.01,0.01,0.01,0.0,0.0,1.13,1.71,1.47,0.03,0.03,0.03,0.01,0.01,0.01,0.55,0.37,0.63,optimal,optimal,optimal,optimal,optimal,optimal,optimal,max_iter_reached,max_iter_reached,max_iter_reached,optimal,optimal,optimal,optimal,optimal,optimal,optimal,optimal,optimal,optimal,optimal,optimal,optimal,optimal,optimal,optimal,optimal
netlib,sc205,203.0,408.0,754.0,0.0,0.0,0.0,0.41,0.57,0.39,0.01,0.01,6.59,6.62,5.15,0.07,0.1,0.11,0.0,0.0,1.33,1.73,1.49,0.04,0.05,0.04,0.02,0.02,0.02,0.59,0.35,0.71,optimal,optimal,optimal,optimal,optimal,optimal,optimal,max_iter_reached,max_iter_reached,max_iter_reached,optimal,optimal,optimal,optimal,optimal,optimal,optimal,optimal,optimal,optimal,optimal,optimal,optimal,optimal,optimal,optimal,optimal
netlib,sc50a,48.0,98.0,178.0,0.0,0.0,0.0,0.31,0.39,0.32,0.0,0.01,0.0,0.0,0.0,0.0,0.0,0.01,0.0,0.0,1.2,1.73,1.52,0.02,0.03,0.03,0.01,0.01,0.01,0.48,0.29,0.54,optimal,optimal,optimal,optimal,optimal,optimal,optimal,optimal,optimal,optimal,optimal,optimal,optimal,optimal,optimal,optimal,optimal,optimal,optimal,optimal,optimal,optimal,optimal,optimal,optimal,optimal,optimal
netlib,sc50b,48.0,98.0,166.0,0.0,0.0,0.0,0.29,0.38,0.28,0.0,0.01,0.0,0.0,0.0,0.0,0.01,0.01,0.0,0.0,1.09,1.64,1.56,0.02,0.03,0.03,0.01,0.01,0.01,0.53,0.28,0.5,optimal,optimal,optimal,optimal,optimal,optimal,optimal,optimal,optimal,optimal,optimal,optimal,optimal,optimal,optimal,optimal,optimal,optimal,optimal,optimal,optimal,optimal,optimal,optimal,optimal,optimal,optimal
netlib,scagr25,500.0,971.0,2054.0,0.0,0.01,0.01,0.46,0.66,0.47,0.01,0.02,0.09,0.21,10.76,0.08,0.37,0.46,0.0,0.0,1.31,1.86,2.1,0.06,0.07,0.08,0.05,0.07,0.06,0.79,0.55,0.95,optimal,optimal,optimal,optimal,optimal,optimal,optimal,optimal,optimal,max_iter_reached,optimal,optimal,optimal,optimal,optimal,optimal,optimal,optimal,optimal,optimal,optimal,optimal,optimal,optimal,optimal,optimal,optimal
netlib,scagr7,140.0,269.0,560.0,0.0,0.0,0.0,0.31,0.42,0.32,0.01,0.01,0.03,0.26,2.94,0.05,0.08,0.09,0.0,0.0,1.2,1.63,1.61,0.03,0.04,0.04,0.01,0.01,0.01,0.58,0.33,0.54,optimal,optimal,optimal,optimal,optimal,optimal,optimal,optimal,optimal,max_iter_reached,optimal,optimal,optimal,optimal,optimal,optimal,optimal,optimal,optimal,optimal,optimal,optimal,optimal,optimal,optimal,optimal,optimal
netlib,scfxm1,457.0,787.0,3046.0,0.0,0.01,0.01,0.44,0.59,0.45,0.01,0.02,1.98,18.6,15.07,0.41,0.51,0.63,0.01,0.01,1.2,1.75,2.87,0.06,0.06,0.06,0.06,0.06,0.06,0.66,0.41,0.7,optimal,optimal,optimal,optimal,optimal,optimal,optimal,optimal,max_iter_reached,max_iter_reached,optimal,optimal,optimal,optimal,optimal,optimal,optimal,optimal,optimal,optimal,optimal,optimal,optimal,optimal,optimal,optimal,optimal
netlib,scfxm2,914.0,1574.0,6097.0,0.0,0.02,0.03,0.42,0.61,0.43,0.03,0.03,12.1,39.2,29.76,1.21,1.71,2.24,0.01,0.01,1.28,1.72,1.69,0.08,0.1,0.1,0.12,0.13,0.22,0.69,0.45,0.76,optimal,optimal,optimal,optimal,optimal,optimal,optimal,optimal,max_iter_reached,max_iter_reached,optimal,optimal,optimal,optimal,optimal,optimal,optimal,optimal,optimal,optimal,optimal,optimal,optimal,optimal,optimal,optimal,optimal
netlib,scfxm3,1371.0,2361.0,9148.0,0.0,0.03,0.04,0.41,0.6,0.46,0.04,0.05,19.13,35.44,45.62,1.64,3.73,4.28,0.02,0.01,1.18,1.82,1.68,0.1,0.12,0.13,0.22,0.26,0.25,0.85,0.61,0.9,optimal,optimal,optimal,optimal,optimal,optimal,optimal,optimal,optimal,max_iter_reached,optimal,optimal,optimal,optimal,optimal,optimal,optimal,optimal,optimal,optimal,optimal,optimal,optimal,optimal,optimal,optimal,optimal
netlib,scorpion,358.0,746.0,1784.0,0.0,0.0,0.01,0.37,0.5,0.41,0.01,0.01,0.02,11.63,9.06,0.06,0.23,0.33,0.0,0.0,1.24,1.57,1.61,0.05,0.05,0.05,0.04,0.04,0.04,0.7,0.42,0.65,optimal,optimal,optimal,optimal,optimal,optimal,optimal,optimal,max_iter_reached,max_iter_reached,optimal,optimal,optimal,optimal,optimal,optimal,optimal,optimal,optimal,optimal,optimal,optimal,optimal,optimal,optimal,optimal,optimal
netlib,scrs8,1169.0,1659.0,4351.0,0.0,0.02,0.03,0.43,0.61,0.43,0.02,0.02,0.51,0.66,3.96,1.46,1.97,2.62,0.01,0.01,1.24,1.76,2.21,0.07,0.13,0.12,0.08,0.08,0.08,0.67,0.45,0.65,optimal,optimal,optimal,optimal,optimal,optimal,optimal,optimal,optimal,optimal,optimal,optimal,optimal,optimal,optimal,optimal,optimal,optimal,optimal,optimal,optimal,optimal,optimal,optimal,optimal,optimal,optimal
netlib,scsd1,760.0,837.0,3148.0,0.0,0.01,0.01,0.29,0.43,0.32,0.01,0.01,0.02,0.02,0.02,0.03,0.03,0.04,0.0,0.0,1.15,1.62,1.53,0.05,0.05,0.05,0.03,0.03,0.03,0.54,0.34,0.58,optimal,optimal,optimal,optimal,optimal,optimal,optimal,optimal,optimal,optimal,optimal,optimal,optimal,optimal,optimal,optimal,optimal,optimal,optimal,optimal,optimal,optimal,optimal,optimal,optimal,optimal,optimal
netlib,scsd6,1350.0,1497.0,5666.0,0.0,0.01,0.01,0.31,0.45,0.32,0.02,0.02,0.12,0.19,0.16,0.12,0.17,0.18,0.01,0.01,1.26,1.73,1.74,0.09,0.07,0.07,0.08,0.09,0.08,0.68,0.41,0.72,optimal,optimal,optimal,optimal,optimal,optimal,optimal,optimal,optimal,optimal,optimal,optimal,optimal,optimal,optimal,optimal,optimal,optimal,optimal,optimal,optimal,optimal,optimal,optimal,optimal,optimal,optimal
netlib,scsd8,2750.0,3147.0,11334.0,0.0,0.02,0.02,0.33,0.46,0.32,0.05,0.06,0.08,0.49,0.43,0.59,0.92,1.18,0.01,0.01,1.22,1.73,1.83,0.12,0.13,0.15,0.11,0.13,0.11,0.66,0.4,0.63,optimal,optimal,optimal,optimal,optimal,optimal,optimal,optimal,optimal,optimal,optimal,optimal,optimal,optimal,optimal,optimal,optimal,optimal,optimal,optimal,optimal,optimal,optimal,optimal,optimal,optimal,optimal
netlib,sctap1,480.0,780.0,2172.0,0.0,0.01,0.01,0.37,0.48,0.36,0.01,0.02,0.78,14.47,11.51,0.05,0.07,0.08,0.0,0.0,1.26,1.78,1.66,0.06,0.07,0.07,0.06,0.06,0.05,0.93,0.51,0.84,optimal,optimal,optimal,optimal,optimal,optimal,optimal,optimal,max_iter_reached,max_iter_reached,optimal,optimal,optimal,optimal,optimal,optimal,optimal,optimal,optimal,optimal,optimal,optimal,optimal,optimal,optimal,optimal,optimal
netlib,sctap2,1880.0,2970.0,8594.0,0.0,0.02,0.03,0.34,0.48,0.33,0.02,0.04,0.22,0.47,47.11,0.06,0.07,0.1,0.02,0.01,1.28,11.81,1.58,0.11,0.12,0.13,0.13,0.13,0.13,0.83,0.47,2.6,optimal,optimal,optimal,optimal,optimal,optimal,optimal,optimal,optimal,max_iter_reached,optimal,optimal,optimal,optimal,optimal,optimal,optimal,optimal,optimal,optimal,optimal,optimal,optimal,optimal,optimal,optimal,optimal
netlib,sctap3,2480.0,3960.0,11354.0,0.0,0.03,0.04,0.34,0.48,0.34,0.03,0.04,0.1,0.18,0.4,0.06,0.08,0.1,0.02,0.01,1.27,1.99,1.66,0.14,0.14,0.15,0.14,0.13,0.13,0.69,0.43,0.71,optimal,optimal,optimal,optimal,optimal,optimal,optimal,optimal,optimal,optimal,optimal,optimal,optimal,optimal,optimal,optimal,optimal,optimal,optimal,optimal,optimal,optimal,optimal,optimal,optimal,optimal,optimal
netlib,seba,1028.0,1543.0,5380.0,0.0,0.02,0.02,0.33,0.43,0.3,0.01,0.01,0.65,2.06,18.11,0.8,0.93,1.16,0.01,0.01,1.4,1.93,1.92,0.12,0.14,0.15,0.08,0.09,0.12,0.65,0.4,0.56,optimal,optimal,optimal,optimal,optimal,optimal,optimal,optimal,optimal,max_iter_reached,optimal,optimal,optimal,optimal,optimal,optimal,optimal,optimal,optimal,optimal,optimal,optimal,optimal,optimal,optimal,optimal,optimal
netlib,share1b,225.0,342.0,1376.0,0.0,0.01,0.01,0.3,0.43,0.32,0.01,0.01,1.07,7.27,5.88,0.68,0.87,1.09,0.0,0.0,1.24,7.31,1.77,0.05,0.06,0.07,0.03,0.03,0.03,0.67,0.4,0.81,optimal,optimal,optimal,optimal,optimal,optimal,optimal,optimal,max_iter_reached,max_iter_reached,optimal,optimal,optimal,optimal,optimal,optimal,optimal,optimal,optimal,optimal,optimal,optimal,optimal,optimal,optimal,optimal,optimal
netlib,share2b,79.0,175.0,773.0,0.0,0.0,0.0,0.31,0.4,0.31,0.01,0.01,3.99,3.96,3.22,0.11,0.15,0.18,0.0,0.0,1.23,8.56,1.68,0.04,0.04,0.04,0.01,0.01,0.01,0.54,0.33,0.57,optimal,optimal,optimal,optimal,optimal,optimal,optimal,max_iter_reached,max_iter_reached,max_iter_reached,optimal,optimal,optimal,optimal,optimal,optimal,optimal,optimal,optimal,optimal,optimal,optimal,optimal,optimal,optimal,optimal,optimal
netlib,shell,1775.0,2311.0,5331.0,0.0,0.02,0.02,0.36,0.43,0.35,0.02,0.03,4.86,4.83,3.8,0.47,0.82,0.88,0.01,0.01,1.17,1.73,1.97,0.08,0.13,0.12,0.15,0.2,0.18,0.88,0.69,1.1,optimal,optimal,optimal,optimal,optimal,optimal,optimal,optimal,optimal,optimal,optimal,optimal,optimal,optimal,optimal,optimal_inaccurate,optimal,optimal,optimal_inaccurate,optimal,optimal,optimal,optimal,optimal,optimal,optimal,optimal
netlib,ship04l,2118.0,2520.0,8450.0,0.0,0.03,0.03,0.38,0.57,0.39,0.02,0.02,0.03,0.18,0.28,0.32,0.43,0.49,0.01,0.01,1.23,1.6,1.69,0.1,0.13,0.12,0.1,0.13,0.13,0.71,0.4,0.71,optimal,optimal,optimal,optimal,optimal,optimal,optimal,optimal,optimal,optimal,optimal,optimal,optimal,optimal,optimal,optimal,optimal,optimal,optimal,optimal,optimal,optimal,optimal,optimal,optimal,optimal,optimal
netlib,ship04s,1458.0,1860.0,5810.0,0.0,0.02,0.02,0.32,0.45,0.34,0.01,0.02,0.03,0.05,0.06,0.18,0.44,0.57,0.01,0.01,1.28,1.61,1.75,0.09,0.11,0.11,0.07,0.13,0.11,0.67,0.39,0.64,optimal,optimal,optimal,optimal,optimal,optimal,optimal,optimal,optimal,optimal,optimal,optimal,optimal,optimal,optimal,optimal,optimal,optimal,optimal,optimal,optimal,optimal,optimal,optimal,optimal,optimal,optimal
netlib,ship08l,4283.0,5061.0,17085.0,0.0,0.06,0.06,0.45,0.63,0.46,0.03,0.05,0.06,0.2,0.49,0.43,0.78,1.48,0.03,0.02,1.28,1.75,1.87,0.19,0.21,0.23,0.23,0.33,0.3,0.85,0.56,0.95,optimal,optimal,optimal,optimal,optimal,optimal,optimal,optimal,optimal,optimal,optimal,optimal,optimal,optimal,optimal,optimal,optimal,optimal,optimal,optimal,optimal,optimal,optimal,optimal,optimal,optimal,optimal
netlib,ship08s,2387.0,3165.0,9501.0,0.0,0.03,0.03,0.36,0.5,0.33,0.02,0.03,0.05,0.35,1.59,0.41,0.53,0.71,0.01,0.01,1.29,1.66,1.79,0.12,0.14,0.15,0.13,0.17,0.16,0.81,0.58,0.78,optimal,optimal,optimal,optimal,optimal,optimal,optimal,optimal,optimal,optimal,optimal,optimal,optimal,optimal,optimal,optimal,optimal,optimal,optimal,optimal,optimal,optimal,optimal,optimal,optimal,optimal,optimal
netlib,ship12l,5427.0,6578.0,21597.0,0.0,0.08,0.08,0.59,0.82,0.58,0.04,0.06,0.14,0.25,0.51,1.53,2.27,2.63,0.04,0.02,1.48,1.77,1.97,0.29,0.33,0.42,0.35,0.47,0.46,1.06,0.69,1.13,optimal,optimal,optimal,optimal,optimal,optimal,optimal,optimal,optimal,optimal,optimal,optimal,optimal,optimal,optimal,optimal,optimal,optimal,optimal,optimal,optimal,optimal,optimal,optimal,optimal,optimal,optimal
netlib,ship12s,2763.0,3914.0,10941.0,0.0,0.04,0.04,0.42,0.52,0.38,0.02,0.03,0.07,0.09,0.7,0.53,0.81,0.95,0.02,0.01,1.34,1.81,1.83,0.16,0.18,0.19,0.13,0.21,0.18,0.79,0.42,0.79,optimal,optimal,optimal,optimal,optimal,optimal,optimal,optimal,optimal,optimal,optimal,optimal,optimal,optimal,optimal,optimal,optimal,optimal,optimal,optimal,optimal,optimal,optimal,optimal,optimal,optimal,optimal
netlib,sierra,2036.0,3263.0,9338.0,0.0,0.04,0.04,0.36,0.47,0.34,0.03,0.03,0.43,0.51,0.66,0.11,0.38,0.58,0.02,0.01,1.33,1.86,1.85,0.16,0.19,0.24,0.06,0.1,0.09,0.6,0.36,0.68,optimal,optimal,optimal,optimal,optimal,optimal,optimal,optimal,optimal,optimal,optimal,optimal,optimal,optimal,optimal,optimal,optimal,optimal,optimal,optimal,optimal,optimal,optimal,optimal,optimal,optimal,optimal
netlib,stair,467.0,817.0,4317.0,0.0,0.01,0.02,0.36,0.47,0.36,0.02,0.03,0.31,3.04,16.31,0.53,0.85,1.1,0.01,0.01,1.29,1.76,1.76,0.05,0.09,0.1,0.04,0.06,0.05,0.66,0.46,1.41,optimal,optimal,optimal,optimal,optimal,optimal,optimal,optimal,optimal,optimal,optimal,optimal,optimal,optimal,optimal,optimal,optimal,optimal,optimal,optimal,optimal,optimal,optimal,optimal,optimal,optimal,optimal
netlib,standata,1075.0,1434.0,4106.0,0.0,0.01,0.01,0.33,0.47,0.31,0.01,0.01,25.27,25.69,19.92,0.45,0.59,0.72,0.01,0.01,1.25,1.59,1.64,0.06,0.07,0.07,0.06,0.08,0.08,0.69,0.46,0.77,optimal,optimal,optimal,optimal,optimal,optimal,optimal,max_iter_reached,max_iter_reached,max_iter_reached,optimal,optimal,optimal,optimal,optimal,optimal,optimal,optimal,optimal,optimal,optimal,optimal,optimal,optimal,optimal,optimal,optimal
netlib,standgub,1184.0,1545.0,4323.0,0.0,0.01,0.01,0.35,0.5,0.35,0.01,0.02,26.35,27.15,20.37,0.59,0.71,0.88,0.01,0.01,1.25,1.72,1.74,0.07,0.07,0.08,0.06,0.09,0.09,0.71,0.45,0.68,optimal,optimal,optimal,optimal,optimal,optimal,optimal,max_iter_reached,max_iter_reached,max_iter_reached,optimal,optimal,optimal,optimal,optimal,optimal,optimal,optimal,optimal,optimal,optimal,optimal,optimal,optimal,optimal,optimal,optimal
netlib,standmps,1075.0,1542.0,4754.0,0.0,0.02,0.02,0.54,0.68,0.5,0.01,0.02,0.67,1.4,17.19,0.35,0.72,0.85,0.01,0.01,1.25,1.86,1.89,0.07,0.08,0.09,0.05,0.08,0.07,0.63,0.41,0.69,optimal,optimal,optimal,optimal,optimal,optimal,optimal,optimal,optimal,optimal,optimal,optimal,optimal,optimal,optimal,optimal,optimal,optimal,optimal,optimal,optimal,optimal,optimal,optimal,optimal,optimal,optimal
netlib,stocfor1,111.0,228.0,558.0,0.0,0.0,0.0,0.29,0.45,0.33,0.01,0.01,0.08,3.96,3.15,0.17,0.21,0.25,0.0,0.0,1.28,7.49,1.72,0.04,0.04,0.05,0.01,0.01,0.01,0.54,0.35,0.58,optimal,optimal,optimal,optimal,optimal,optimal,optimal,optimal,max_iter_reached,max_iter_reached,optimal,optimal,optimal,optimal,optimal,optimal,optimal,optimal,optimal,optimal,optimal,optimal,optimal,optimal,optimal,optimal,optimal
netlib,stocfor2,2031.0,4188.0,10374.0,0.0,0.05,0.06,0.87,1.03,0.83,0.04,0.05,1.74,57.24,65.99,9.17,11.16,12.8,0.03,0.02,1.3,1.97,1.89,0.14,0.22,0.24,0.29,0.9,0.89,1.38,0.77,1.35,optimal,optimal,optimal,optimal,optimal,optimal,optimal,optimal,optimal,max_iter_reached,optimal,optimal,optimal,optimal,optimal,optimal_inaccurate,optimal,optimal,optimal_inaccurate,optimal,optimal,optimal,optimal,optimal,optimal,optimal,optimal
netlib,tuff,587.0,918.0,5105.0,0.0,0.02,0.02,0.35,0.46,0.35,0.02,0.02,1.37,1.88,25.6,3.8,4.34,4.72,0.02,0.01,1.25,1.61,1.65,0.06,0.07,0.07,0.06,0.09,0.09,0.72,0.56,0.77,optimal,optimal,optimal_inaccurate,optimal_inaccurate,optimal_inaccurate,optimal,optimal,optimal,optimal,max_iter_reached,optimal,optimal,optimal,optimal,optimal,optimal,optimal,optimal,optimal,optimal,optimal,optimal,optimal,optimal,optimal,optimal,optimal
netlib,vtp.base,203.0,400.0,1110.0,0.0,0.01,0.01,0.3,0.4,0.28,0.01,0.01,7.26,7.3,5.76,1.42,1.75,1.89,0.0,0.0,1.4,1.96,1.79,0.07,0.09,0.09,1.97,23.4,22.36,147.99,129.14,149.89,optimal,optimal,optimal,optimal,optimal,optimal,optimal,max_iter_reached,max_iter_reached,max_iter_reached,optimal,optimal,optimal,optimal,optimal,optimal,optimal,optimal,optimal,optimal,optimal,optimal,optimal_inaccurate,optimal_inaccurate,optimal_inaccurate,optimal_inaccurate,optimal_inaccurate
netlib,wood1p,2594.0,2838.0,72809.0,0.0,0.15,0.17,0.34,0.47,0.38,0.11,0.12,213.02,216.19,168.08,2.06,2.29,2.89,0.12,0.09,1.36,1.7,1.7,0.22,0.26,0.27,0.13,0.24,0.23,0.68,0.49,0.73,optimal,optimal,optimal,optimal,optimal,optimal,optimal,max_iter_reached,max_iter_reached,max_iter_reached,optimal,optimal,optimal,optimal,optimal,optimal,optimal,optimal,optimal,optimal,optimal,optimal,optimal,optimal,optimal,optimal,optimal
netlib,woodw,8405.0,9503.0,45879.0,0.0,0.21,0.25,0.34,0.48,0.32,0.1,0.12,1.35,1.88,8.77,8.19,9.66,25.43,0.13,0.09,1.64,2.33,2.03,0.48,0.53,0.62,0.41,0.64,0.62,1.3,0.83,1.46,optimal,optimal,optimal,optimal,optimal,optimal,optimal,optimal,optimal,optimal,optimal,optimal,optimal,optimal,optimal,optimal,optimal,optimal,optimal,optimal,optimal,optimal,optimal,optimal,optimal,optimal,optimal
